t,month,year,covid,control,extra_mon,extra_tue,extra_wed,extra_thu,extra_fri,extra_sat,extra_sun,top30,fulldata,mon_ct,tue_ct,wed_ct,thu_ct,fri_ct,sat_ct,sun_ct,arr_flights,arr_del15,carrier_ct,weather_ct,nas_ct,security_ct,late_aircraft_ct,arr_cancelled,arr_diverted,arr_delay,carrier_delay,weather_delay,nas_delay,security_delay,late_aircraft_delay,day_ct
1,6,2003,0,0,1,0,0,0,0,0,1,0,0,5,4,4,4,4,4,5,203148.0,34092.0,11024.81,1808.35,10744.09,161.75,10352.98,1673.0,318.0,1575169.0,523310.0,125660.0,387442.0,7584.0,531173.0,27090
1,6,2003,0,0,1,0,0,0,0,0,1,1,0,5,4,4,4,4,4,5,333348.0,55349.0,12273.32,2380.35,25876.01,317.28,14502.16,2488.0,707.0,2651919.0,683450.0,157535.0,1007474.0,14398.0,789062.0,10260
2,7,2003,0,0,0,1,1,1,0,0,0,0,0,4,5,5,5,4,4,4,211130.0,40636.0,12722.24,2120.3,13293.83,101.45,12398.34,2944.0,353.0,2106666.0,625034.0,166357.0,576159.0,2866.0,736250.0,28024
2,7,2003,0,0,0,1,1,1,0,0,0,1,0,4,5,5,5,4,4,4,347438.0,63943.0,14442.74,2959.11,28233.83,220.37,18087.0,4891.0,852.0,3626491.0,859521.0,237501.0,1366362.0,5794.0,1157313.0,10695
3,8,2003,0,0,0,0,0,0,1,1,1,0,0,4,4,4,4,5,5,5,210180.0,39791.0,12253.1,2448.07,13183.27,126.36,11780.2,3128.0,374.0,2017146.0,617085.0,177263.0,536095.0,4526.0,682177.0,27900
3,8,2003,0,0,0,0,0,0,1,1,1,1,0,4,4,4,4,5,5,5,346804.0,66535.0,14642.02,3355.56,30405.41,243.34,17888.67,5981.0,1143.0,3821624.0,889334.0,264152.0,1508030.0,8688.0,1151420.0,10757
4,9,2003,0,0,1,1,0,0,0,0,0,0,0,5,5,4,4,4,4,4,199317.0,24790.0,7868.78,947.18,8806.19,40.14,7127.8,2499.0,264.0,1105249.0,359134.0,66236.0,320457.0,1054.0,358368.0,27030
4,9,2003,0,0,1,1,0,0,0,0,0,1,0,5,5,4,4,4,4,4,328397.0,42596.0,8590.21,1315.64,23058.61,67.37,9564.11,5192.0,507.0,2101848.0,477374.0,94076.0,1005534.0,1903.0,522961.0,10320
5,10,2003,0,0,0,0,1,1,1,0,0,0,0,4,4,5,5,5,4,4,207607.0,25758.0,8811.65,628.7,8475.52,94.75999999999999,7747.27,1827.0,265.0,1077426.0,391756.0,38570.0,263934.0,4302.0,378864.0,27745
5,10,2003,0,0,0,0,1,1,1,0,0,1,0,4,4,5,5,5,4,4,344763.0,43636.0,9779.39,1014.4,22326.69,161.23,10354.33,3264.0,455.0,1982245.0,542328.0,75099.0,813958.0,7122.0,543738.0,10881
6,11,2003,0,0,0,0,0,0,0,1,1,0,0,4,4,4,4,4,5,5,195022.0,33038.0,10005.59,1516.74,10785.08,49.75,10680.89,2622.0,322.0,1450248.0,454700.0,105741.0,346137.0,1454.0,542216.0,26880
6,11,2003,0,0,0,0,0,0,0,1,1,1,0,4,4,4,4,4,5,5,333149.0,63139.0,11234.65,1864.31,35607.75,135.52,14296.58,4785.0,671.0,3133782.0,611486.0,143195.0,1575481.0,4342.0,799278.0,10710
7,12,2003,0,0,1,1,1,0,0,0,0,0,0,5,5,5,4,4,4,4,205523.0,42766.0,14158.56,1808.24,12833.66,130.11,13835.33,3614.0,341.0,1945336.0,644221.0,131379.0,447506.0,4405.0,717825.0,28303
7,12,2003,0,0,1,1,1,0,0,0,0,1,0,5,5,5,4,4,4,4,349972.0,77902.0,16856.39,2640.7,38173.46,339.87,19891.65,8018.0,477.0,3940643.0,887621.0,204356.0,1705772.0,11683.0,1131211.0,11129
8,1,2004,0,0,0,0,0,1,1,1,0,0,1,4,4,4,5,5,5,4,226687.0,47362.0,15489.04,3926.79,14387.72,116.61,13441.960000000001,6716.0,480.0,2302886.0,773999.0,267390.0,522074.0,3999.0,735424.0,31186
8,1,2004,0,0,0,0,0,1,1,1,0,1,1,4,4,4,5,5,5,4,357300.0,80874.0,16987.08,3980.75,39574.91,307.1,20024.36,10895.0,535.0,4206636.0,949186.0,270396.0,1788389.0,11365.0,1187300.0,11997
9,2,2004,0,0,0,0,0,0,0,0,1,0,1,4,4,4,4,4,4,5,214632.0,42473.0,13279.24,2931.8,12762.07,95.32000000000001,13404.67,3701.0,336.0,1902926.0,607382.0,169878.0,425749.0,2884.0,697033.0,28739
9,2,2004,0,0,0,0,0,0,0,0,1,1,1,4,4,4,4,4,4,5,339244.0,72044.0,13475.76,2916.6,37120.62,246.4,18284.79,5780.0,408.0,3485969.0,724077.0,194356.0,1570706.0,8411.0,988419.0,11194
10,3,2004,0,0,1,1,1,0,0,0,0,0,1,5,5,5,4,4,4,4,232670.0,39081.0,12587.15,1747.24,11472.39,62.33,13211.94,2786.0,357.0,1764614.0,567758.0,102544.0,373272.0,2059.0,718981.0,30597
10,3,2004,0,0,1,1,1,0,0,0,0,1,1,5,5,5,4,4,4,4,368742.0,64950.0,13172.85,1746.3,32468.73,217.42000000000002,17344.69,4817.0,522.0,3222344.0,720760.0,112157.0,1414059.0,6813.0,968555.0,12028
11,4,2004,0,0,0,0,0,1,1,0,0,0,1,4,4,4,5,5,4,4,224840.0,35205.0,11458.25,1450.06,10609.77,66.8,11620.27,1719.0,203.0,1498520.0,508488.0,82378.0,334438.0,2181.0,571035.0,29730
11,4,2004,0,0,0,0,0,1,1,0,0,1,1,4,4,4,5,5,4,4,358130.0,58549.0,12228.89,1679.03,29364.22,193.69,15083.36,2766.0,445.0,2719326.0,652932.0,109492.0,1170846.0,7420.0,778636.0,11550
12,5,2004,0,0,1,0,0,0,0,1,1,0,1,5,4,4,4,4,5,5,229104.0,45949.0,13334.04,3447.08,14414.0,85.9,14667.95,4098.0,470.0,2523563.0,663862.0,261290.0,662153.0,3106.0,933152.0,30411
12,5,2004,0,0,1,0,0,0,0,1,1,1,1,5,4,4,4,4,5,5,365353.0,75070.0,14384.57,3143.59,37658.72,150.71,19732.4,6283.0,1169.0,4458179.0,857824.0,267878.0,2002863.0,5618.0,1323996.0,11966
13,6,2004,0,0,0,1,1,0,0,0,0,0,1,4,5,5,4,4,4,4,226088.0,57123.0,16608.06,4962.58,15879.26,137.55,19535.69,3455.0,450.0,3052683.0,829239.0,365242.0,681710.0,5018.0,1171474.0,30540
13,6,2004,0,0,0,1,1,0,0,0,0,1,1,4,5,5,4,4,4,4,362704.0,91603.0,19092.01,4376.03,41603.56,284.64,26246.87,5341.0,1275.0,5205109.0,1116826.0,337219.0,2068886.0,9858.0,1672320.0,11670
14,7,2004,0,0,0,0,0,1,1,1,0,0,1,4,4,4,5,5,5,4,235211.0,52148.0,17043.1,3201.39,13753.53,149.62,18000.170000000002,3659.0,461.0,2713767.0,833193.0,210377.0,597327.0,4704.0,1068166.0,31589
14,7,2004,0,0,0,0,0,1,1,1,0,1,1,4,4,4,5,5,5,4,378955.0,83851.0,19590.01,3408.9,35765.14,257.62,24829.33,6473.0,1120.0,4856910.0,1138534.0,256497.0,1840252.0,9329.0,1612298.0,12028
15,8,2004,0,0,1,1,0,0,0,0,1,0,1,5,5,4,4,4,4,5,239085.0,45769.0,14760.17,2939.56,11923.47,122.84,16023.18,3356.0,392.0,2325825.0,705275.0,196838.0,479409.0,4835.0,939468.0,31558
15,8,2004,0,0,1,1,0,0,0,0,1,1,1,5,5,4,4,4,4,5,384022.0,78115.0,17502.53,3634.19,33454.38,248.48,23275.55,6807.0,830.0,4378972.0,1013351.0,275110.0,1575118.0,10820.0,1504573.0,11935
16,9,2004,0,0,0,0,1,1,0,0,0,0,1,4,4,5,5,4,4,4,226226.0,27979.0,10312.91,1618.73,7423.67,134.51,8489.2,5825.0,335.0,1273121.0,465122.0,103552.0,261939.0,7495.0,435013.0,30690
16,9,2004,0,0,0,0,1,1,0,0,0,1,1,4,4,5,5,4,4,4,358899.0,47168.0,11409.57,1623.02,21913.25,249.35999999999999,11972.72,12144.0,712.0,2433686.0,620217.0,123729.0,1004079.0,16361.0,669300.0,11640
17,10,2004,0,0,0,0,0,0,1,1,1,0,1,4,4,4,4,5,5,5,235147.0,42550.0,13519.93,2834.91,11900.23,135.43,14159.53,2717.0,430.0,1831266.0,596943.0,170494.0,381218.0,4788.0,677823.0,31155
17,10,2004,0,0,0,0,0,0,1,1,1,1,1,4,4,4,4,5,5,5,374890.0,65791.0,14012.54,2311.46,31356.88,185.57,17924.579999999998,3978.0,434.0,2952438.0,711692.0,148579.0,1164031.0,6840.0,921296.0,12059
18,11,2004,0,0,1,1,0,0,0,0,0,0,1,5,5,4,4,4,4,4,224832.0,43301.0,14444.43,3173.59,11095.66,118.97,14468.32,2888.0,442.0,2056431.0,665965.0,207723.0,372442.0,5890.0,804411.0,29910
18,11,2004,0,0,1,1,0,0,0,0,0,1,1,5,5,4,4,4,4,4,359778.0,70395.0,14940.49,2721.7,33038.27,272.33,19422.25,4449.0,597.0,3675470.0,808928.0,208389.0,1489919.0,12883.0,1155351.0,11640
19,12,2004,0,0,0,0,1,1,1,0,0,0,1,4,4,5,5,5,4,4,234119.0,57708.0,20355.83,3797.0499999999997,13196.77,292.76,20066.0,8805.0,653.0,3029239.0,1030020.0,273870.0,518427.0,9745.0,1197177.0,31155
19,12,2004,0,0,0,0,1,1,1,0,0,1,1,4,4,5,5,5,4,4,372612.0,96333.0,23589.0,4033.79,39001.9,516.77,29191.72,8299.0,728.0,5218445.0,1271500.0,322082.0,1773048.0,16797.0,1835018.0,12059
20,1,2005,0,0,1,0,0,0,0,1,1,0,1,5,4,4,4,4,5,5,231024.0,53538.0,18221.52,4010.2200000000003,14231.99,130.03,16944.3,9464.0,834.0,2684613.0,903483.0,269137.0,549364.0,4447.0,958182.0,31558
20,1,2005,0,0,1,0,0,0,0,1,1,1,1,5,4,4,4,4,5,5,363899.0,89778.0,20539.04,4192.53,39083.68,267.66,25695.09,15620.0,974.0,4936431.0,1164301.0,332855.0,1824355.0,8705.0,1606215.0,12276
21,2,2005,0,0,0,0,0,0,0,0,0,0,1,4,4,4,4,4,4,4,211728.0,40769.0,13929.5,2439.58,11481.46,96.42999999999999,12822.0,3669.0,413.0,1848911.0,647120.0,143311.0,382758.0,3145.0,672577.0,27972
21,2,2005,0,0,0,0,0,0,0,0,0,1,1,4,4,4,4,4,4,4,333604.0,71128.0,15545.1,2334.02,34003.43,118.0,19127.52,5836.0,455.0,3622030.0,845532.0,172537.0,1493748.0,4144.0,1106069.0,10836
22,3,2005,0,0,0,1,1,1,0,0,0,0,1,4,5,5,5,4,4,4,239063.0,47924.0,16824.43,2656.27,12872.52,217.34,15353.61,3996.0,265.0,2262532.0,783550.0,165335.0,454795.0,12543.0,846309.0,31124
22,3,2005,0,0,0,1,1,1,0,0,0,1,1,4,5,5,5,4,4,4,378477.0,83460.0,19465.94,2771.0299999999997,36459.94,241.33,24521.760000000002,6173.0,617.0,4562709.0,1064631.0,212332.0,1754821.0,10016.0,1520909.0,12121
23,4,2005,0,0,0,0,0,0,1,1,0,0,1,4,4,4,4,5,5,4,229727.0,33998.0,12444.06,1775.91,9582.03,80.77,10115.24,2907.0,269.0,1513315.0,580722.0,123016.0,306968.0,3542.0,499067.0,30570
23,4,2005,0,0,0,0,0,0,1,1,0,1,1,4,4,4,4,5,5,4,364765.0,56139.0,13966.81,1625.42,24680.079999999998,137.99,15728.53,4625.0,512.0,2750910.0,754658.0,119799.0,991108.0,5110.0,880235.0,11760
24,5,2005,0,0,1,1,0,0,0,0,1,0,1,5,5,4,4,4,4,5,235706.0,33915.0,12570.8,1809.72,8718.57,75.4,10740.75,2288.0,263.0,1567594.0,585762.0,126548.0,291644.0,2309.0,561331.0,31341
24,5,2005,0,0,1,1,0,0,0,0,1,1,1,5,5,4,4,4,4,5,379096.0,59704.0,14545.94,1956.1,25998.08,108.23,17095.62,3589.0,616.0,2996799.0,799275.0,131039.0,1094234.0,3020.0,969231.0,12865
25,6,2005,0,0,0,0,1,1,0,0,0,0,1,4,4,5,5,4,4,4,233031.0,50007.0,17838.29,3201.91,11784.97,135.21,17046.93,3642.0,383.0,2622177.0,881336.0,214927.0,502978.0,4793.0,1018143.0,30990
25,6,2005,0,0,0,0,1,1,0,0,0,1,1,4,4,5,5,4,4,4,376164.0,89735.0,20411.62,3580.62,38382.34,164.48,27195.86,6274.0,1040.0,5194909.0,1183836.0,279800.0,1942525.0,5351.0,1783397.0,12330
26,7,2005,0,0,0,0,0,0,1,1,1,0,1,4,4,4,4,5,5,5,239454.0,61424.0,20658.28,4980.98,13850.23,166.53,21768.09,5330.0,529.0,3537850.0,1049075.0,364618.0,648805.0,5450.0,1469902.0,31155
26,7,2005,0,0,0,0,0,0,1,1,1,1,1,4,4,4,4,5,5,5,388507.0,105343.0,23961.0,4546.65,42974.74,241.22,33619.34,8521.0,1474.0,6743760.0,1467844.0,363318.0,2479352.0,8498.0,2424748.0,12741
27,8,2005,0,0,1,1,1,0,0,0,0,0,1,5,5,5,4,4,4,4,241415.0,53625.0,19146.2,3999.89,12437.04,206.93,17835.11,5479.0,540.0,2741412.0,942467.0,277570.0,488859.0,9206.0,1023310.0,31403
27,8,2005,0,0,1,1,1,0,0,0,0,1,1,5,5,5,4,4,4,4,389489.0,87806.0,21388.32,3232.02,36259.0,265.39,26661.11,7973.0,1269.0,4839285.0,1221955.0,229719.0,1738342.0,11052.0,1638217.0,12803
28,9,2005,0,0,0,0,0,1,1,0,0,0,1,4,4,4,5,5,4,4,218058.0,31892.0,12495.97,1527.26,8131.02,87.84,9649.86,4545.0,404.0,1409573.0,562877.0,95029.0,277108.0,2710.0,471849.0,30510
28,9,2005,0,0,0,0,0,1,1,0,0,1,1,4,4,4,5,5,4,4,356195.0,55343.0,14320.23,1630.03,24237.94,115.3,15039.37,6987.0,412.0,2640925.0,787086.0,105060.0,961108.0,3608.0,784063.0,12330
29,10,2005,0,0,1,0,0,0,0,1,1,0,1,5,4,4,4,4,5,5,223949.0,34462.0,13005.49,2005.04,7935.88,68.05,11447.4,2982.0,242.0,1560546.0,577375.0,132203.0,261639.0,3208.0,586121.0,31341
29,10,2005,0,0,1,0,0,0,0,1,1,1,1,5,4,4,4,4,5,5,368763.0,65442.0,15190.88,2043.44,29829.77,133.8,18244.09,7493.0,482.0,3430454.0,803630.0,154966.0,1427832.0,5952.0,1038074.0,12741
30,11,2005,0,0,0,1,1,0,0,0,0,0,1,4,5,5,4,4,4,4,213845.0,38465.0,14501.43,1994.37,10421.460000000001,64.69,11483.35,2222.0,372.0,1770975.0,661538.0,124941.0,370241.0,2164.0,612091.0,29850
30,11,2005,0,0,0,1,1,0,0,0,0,1,1,4,5,5,4,4,4,4,352293.0,68078.0,16129.53,1901.08,31899.22,115.75,18032.39,3364.0,555.0,3432868.0,861212.0,133057.0,1426760.0,3719.0,1008120.0,12330
31,12,2005,0,0,0,0,0,1,1,1,0,0,1,4,4,4,5,5,5,4,212162.0,55736.0,20966.04,3074.93,13996.32,211.68,17486.97,3935.0,484.0,2668209.0,991126.0,201615.0,518699.0,6627.0,950142.0,31775
31,12,2005,0,0,0,0,0,1,1,1,0,1,1,4,4,4,5,5,5,4,360181.0,98354.0,25160.6,3392.7599999999998,40129.1,335.89,29335.5,6816.0,623.0,5161732.0,1321489.0,241058.0,1858154.0,11726.0,1729305.0,12617
32,1,2006,0,0,1,1,0,0,0,0,1,0,1,5,5,4,4,4,4,5,215906.0,38899.0,15233.1,2222.98,9353.03,79.76,12010.12,3404.0,503.0,1869344.0,714566.0,146657.0,319526.0,2396.0,686199.0,34193
32,1,2006,0,0,1,1,0,0,0,0,1,1,1,5,5,4,4,4,4,5,365381.0,73400.0,18515.79,2816.19,31338.07,158.49,20571.45,6383.0,867.0,3983221.0,1001528.0,204066.0,1486315.0,5660.0,1285652.0,12493
33,2,2006,0,0,0,0,0,0,0,0,0,0,1,4,4,4,4,4,4,4,196411.0,41711.0,14728.1,2290.64,10465.85,241.94,13984.67,3517.0,575.0,1980734.0,680629.0,147667.0,371043.0,12104.0,769291.0,30268
33,2,2006,0,0,0,0,0,0,0,0,0,1,1,4,4,4,4,4,4,4,334836.0,76899.0,17582.65,2572.26,33736.97,220.45,22786.71,7776.0,734.0,3949338.0,977437.0,186178.0,1432925.0,10236.0,1342562.0,11200
34,3,2006,0,0,0,0,1,1,1,0,0,0,1,4,4,5,5,5,4,4,223463.0,48778.0,17771.94,2362.46,10993.46,196.62,17453.48,2704.0,414.0,2401047.0,824512.0,149362.0,399996.0,7199.0,1019978.0,33511
34,3,2006,0,0,0,0,1,1,1,0,0,1,1,4,4,5,5,5,4,4,381754.0,87119.0,20193.24,2567.2,36604.1,277.75,27476.68,4882.0,639.0,4593380.0,1071715.0,183974.0,1689508.0,11081.0,1637102.0,12400
35,4,2006,0,0,0,0,0,0,0,1,1,0,1,4,4,4,4,4,5,5,216605.0,42578.0,15310.31,2044.99,9726.31,250.03,15246.28,2438.0,331.0,2033767.0,705766.0,133855.0,345465.0,11346.0,837335.0,33210
35,4,2006,0,0,0,0,0,0,0,1,1,1,1,4,4,4,4,4,5,5,368746.0,76137.0,17975.93,2041.92,31168.71,210.47,24740.2,4166.0,698.0,3938887.0,982089.0,139885.0,1395785.0,11671.0,1409457.0,12180
36,5,2006,0,0,1,1,1,0,0,0,0,0,1,5,5,5,4,4,4,4,223331.0,44266.0,15650.06,2309.08,10231.96,98.12,15976.92,2509.0,370.0,2171958.0,730385.0,146087.0,384705.0,3114.0,907667.0,33790
36,5,2006,0,0,1,1,1,0,0,0,0,1,1,5,5,5,4,4,4,4,379588.0,78427.0,17954.71,2620.55,32398.98,135.65,25317.31,4548.0,866.0,4216291.0,996485.0,176446.0,1543069.0,4445.0,1495846.0,12555
37,6,2006,0,0,0,0,0,1,1,0,0,0,1,4,4,4,5,5,4,4,221382.0,56394.0,20712.67,3696.01,12418.39,127.47,19439.29,3523.0,432.0,3108335.0,1047082.0,288866.0,559395.0,4341.0,1208651.0,33720
37,6,2006,0,0,0,0,0,1,1,0,0,1,1,4,4,4,5,5,4,4,376933.0,94289.0,24338.43,3847.94,33453.41,202.79,32446.3,6565.0,1377.0,5723731.0,1441729.0,319608.0,1772808.0,7508.0,2182078.0,12210
38,7,2006,0,0,1,0,0,0,0,1,1,0,1,5,4,4,4,4,5,5,229647.0,57044.0,21549.32,3336.44,12561.66,141.93,19454.63,3676.0,436.0,3159696.0,1105655.0,244235.0,560186.0,5252.0,1244368.0,34534
38,7,2006,0,0,1,0,0,0,0,1,1,1,1,5,4,4,4,4,5,5,391597.0,93727.0,25245.98,3828.28,31914.1,180.16,32558.44,7059.0,1442.0,5742568.0,1493493.0,306946.0,1722521.0,6149.0,2213459.0,12524
39,8,2006,0,0,0,1,1,1,0,0,0,0,1,4,5,5,5,4,4,4,232818.0,53110.0,19017.99,2941.75,12282.81,571.31,18296.14,3473.0,378.0,2790949.0,956738.0,216009.0,503705.0,20787.0,1093710.0,34813
39,8,2006,0,0,0,1,1,1,0,0,0,1,1,4,5,5,5,4,4,4,395914.0,87674.0,22348.28,3303.58,31982.13,1142.13,28897.97,6310.0,1192.0,4855093.0,1290020.0,236927.0,1518351.0,43540.0,1766255.0,12555
40,9,2006,0,0,0,0,0,0,1,1,0,0,1,4,4,4,4,5,5,4,217136.0,45217.0,15503.83,2561.66,11549.17,137.45,15464.59,3519.0,372.0,2348291.0,768118.0,184727.0,442275.0,5284.0,947887.0,34110
40,9,2006,0,0,0,0,0,0,1,1,0,1,1,4,4,4,4,5,5,4,367801.0,82683.0,18053.5,2839.36,37434.56,220.85,24134.9,6431.0,865.0,4680031.0,1070320.0,221200.0,1875211.0,8129.0,1505171.0,12240
41,10,2006,0,0,1,1,0,0,0,0,1,0,1,5,5,4,4,4,4,5,226436.0,54947.0,18198.46,2865.03,14285.27,129.87,19468.16,4153.0,314.0,2848725.0,917943.0,211703.0,524952.0,4201.0,1189926.0,33759
41,10,2006,0,0,1,1,0,0,0,0,1,1,1,5,5,4,4,4,4,5,385282.0,98120.0,20580.68,2956.49,44952.35,251.68,29378.83,7246.0,919.0,5479863.0,1211402.0,227861.0,2213467.0,7174.0,1819959.0,12245
42,11,2006,0,0,0,0,1,1,0,0,0,0,1,4,4,5,5,4,4,4,216521.0,44749.0,15874.6,2011.84,11596.6,118.21000000000001,15147.95,3501.0,394.0,2146484.0,758785.0,132228.0,400891.0,3875.0,850705.0,32310
42,11,2006,0,0,0,0,1,1,0,0,0,1,1,4,4,5,5,4,4,4,369676.0,82241.0,18322.23,2622.11,36589.59,193.29,24513.93,6057.0,675.0,4464812.0,1024820.0,202884.0,1795034.0,6212.0,1435862.0,11910
43,12,2006,0,0,0,0,0,0,1,1,1,0,1,4,4,4,4,5,5,5,223202.0,57159.0,21800.06,2499.86,11418.23,211.01,21229.82,6473.0,555.0,3013203.0,1075352.0,174281.0,432509.0,6922.0,1324139.0,34379
43,12,2006,0,0,0,0,0,0,1,1,1,1,1,4,4,4,4,5,5,5,381556.0,99969.0,25354.81,3379.53,37857.19,406.3,32971.29,11621.0,838.0,5687291.0,1408725.0,272191.0,1921073.0,12745.0,2072557.0,12307
44,1,2007,0,0,1,1,1,0,0,0,0,0,1,5,5,5,4,4,4,4,235581.0,55362.0,19274.07,3117.02,13900.77,118.35,18952.04,6468.0,627.0,2800233.0,941493.0,221522.0,519291.0,4010.0,1113917.0,37417
44,1,2007,0,0,1,1,1,0,0,0,0,1,1,5,5,5,4,4,4,4,385978.0,94782.0,22714.59,3914.81,37915.44,229.22,30007.88,9309.0,573.0,5056535.0,1258719.0,283603.0,1715021.0,8114.0,1791078.0,12617
45,2,2007,0,0,0,0,0,0,0,0,0,0,1,4,4,4,4,4,4,4,213844.0,59088.0,21433.37,3291.74,13592.6,160.23,20610.13,9126.0,511.0,3183787.0,1148282.0,250483.0,524311.0,5287.0,1255424.0,33656
45,2,2007,0,0,0,0,0,0,0,0,0,1,1,4,4,4,4,4,4,4,351760.0,99347.0,24685.4,4518.31,36362.62,256.17,33524.55,16339.0,750.0,5699740.0,1470219.0,395813.0,1684276.0,8857.0,2140575.0,11424
46,3,2007,0,0,0,0,0,1,1,1,0,0,1,4,4,4,5,5,5,4,241447.0,55176.0,21036.6,2256.66,11987.77,142.14,19752.74,5633.0,430.0,2956354.0,1071817.0,175920.0,456673.0,4939.0,1247005.0,37293
46,3,2007,0,0,0,0,0,1,1,1,0,1,1,4,4,4,5,5,5,4,397762.0,97513.0,25784.87,2857.73,36682.4,253.69,31934.54,11244.0,845.0,5637059.0,1476764.0,228940.0,1847637.0,8798.0,2074920.0,12524
47,4,2007,0,0,1,0,0,0,0,0,1,0,1,5,4,4,4,4,4,5,232992.0,48630.0,17825.74,1904.47,11501.59,131.08,17267.35,3790.0,403.0,2452241.0,866293.0,132526.0,409761.0,4961.0,1038700.0,36810
47,4,2007,0,0,1,0,0,0,0,0,1,1,1,5,4,4,4,4,4,5,381656.0,88361.0,21376.22,2416.37,35908.32,255.53,28404.61,7348.0,790.0,4990011.0,1212339.0,184898.0,1795364.0,9492.0,1787918.0,12210
48,5,2007,0,0,0,1,1,1,0,0,0,0,1,4,5,5,5,4,4,4,241293.0,47957.0,16850.16,2286.93,12138.83,128.92,16552.12,2338.0,337.0,2432613.0,807365.0,177400.0,467947.0,4240.0,975661.0,37262
48,5,2007,0,0,0,1,1,1,0,0,0,1,1,4,5,5,5,4,4,4,390316.0,83341.0,19602.38,2540.82,35160.1,219.15,25818.6,4503.0,1105.0,4431966.0,1111951.0,204867.0,1596029.0,7446.0,1511673.0,12710
49,6,2007,0,0,0,0,0,0,1,1,0,0,1,4,4,4,4,5,5,4,242313.0,68525.0,23901.21,4141.69,15373.58,242.69,24865.88,6092.0,475.0,4112689.0,1277840.0,369452.0,776305.0,8440.0,1680652.0,37200
49,6,2007,0,0,0,0,0,0,1,1,0,1,1,4,4,4,4,5,5,4,386967.0,112977.0,27383.45,4813.31,42090.340000000004,342.57,38347.35,11151.0,1724.0,7318480.0,1714441.0,433757.0,2467955.0,12120.0,2690207.0,12480
50,7,2007,0,0,1,1,0,0,0,0,1,0,1,5,5,4,4,4,4,5,249373.0,69319.0,25056.69,3912.0099999999998,15215.36,294.98,24839.93,4742.0,515.0,3955829.0,1339196.0,311180.0,688209.0,10878.0,1606366.0,37820
50,7,2007,0,0,1,1,0,0,0,0,1,1,1,5,5,4,4,4,4,5,399187.0,111000.0,27250.55,4624.12,39583.88,342.24,39199.36,8764.0,1635.0,6859982.0,1668861.0,387060.0,2123259.0,12167.0,2668635.0,12710
51,8,2007,0,0,0,0,1,1,1,0,0,0,1,4,4,5,5,5,4,4,251901.0,64996.0,24258.97,3095.35,13768.24,209.72,23663.72,4411.0,561.0,3625715.0,1270222.0,243260.0,597880.0,7145.0,1507208.0,37975
51,8,2007,0,0,0,0,1,1,1,0,0,1,1,4,4,5,5,5,4,4,401378.0,105855.0,25999.91,3629.2,39014.91,309.57,36901.38,7884.0,1540.0,6440193.0,1595791.0,303921.0,2103818.0,10826.0,2425837.0,12772
52,9,2007,0,0,0,0,0,0,0,1,1,0,1,4,4,4,4,4,5,5,230602.0,38688.0,15271.03,1521.72,9025.55,129.47,12740.37,2302.0,295.0,1916395.0,764401.0,114686.0,331761.0,4909.0,700638.0,36570
52,9,2007,0,0,0,0,0,0,0,1,1,1,1,4,4,4,4,4,5,5,369585.0,63695.0,16246.23,1813.9,26305.19,141.56,19187.99,4205.0,667.0,3378065.0,983845.0,132203.0,1163524.0,6335.0,1092158.0,12450
53,10,2007,0,0,1,1,1,0,0,0,0,0,1,5,5,5,4,4,4,4,241858.0,46539.0,16962.54,1797.37,11408.61,108.25999999999999,16262.12,2468.0,280.0,2245753.0,828105.0,123000.0,404766.0,4462.0,885420.0,37138
53,10,2007,0,0,1,1,1,0,0,0,0,1,1,5,5,5,4,4,4,4,388134.0,82438.0,18496.88,2220.48,36122.06,178.34,25420.42,4859.0,720.0,4428578.0,1080187.0,164745.0,1723093.0,7150.0,1453403.0,12679
54,11,2007,0,0,0,0,0,1,1,0,0,0,1,4,4,4,5,5,4,4,232241.0,40413.0,15601.07,1469.13,8803.01,93.32,14446.58,2178.0,409.0,1947083.0,760298.0,90525.0,291064.0,3265.0,801931.0,35910
54,11,2007,0,0,0,0,0,1,1,0,0,1,1,4,4,4,5,5,4,4,372908.0,73267.0,17045.079999999998,1604.86,32195.63,139.15,22282.42,4101.0,472.0,3834989.0,965881.0,112670.0,1462782.0,4925.0,1288731.0,12330
55,12,2007,0,0,1,0,0,0,0,1,1,0,1,5,4,4,4,4,5,5,235907.0,73369.0,27162.4,3858.12,16164.21,174.42,26009.71,8174.0,780.0,4027832.0,1464995.0,295141.0,647895.0,6728.0,1613073.0,37882
55,12,2007,0,0,1,0,0,0,0,1,1,1,1,5,4,4,4,4,5,5,380475.0,123390.0,29377.18,4700.76,48036.79,338.71,40936.46,13380.0,738.0,7233610.0,1747765.0,407726.0,2410854.0,11452.0,2655813.0,12834
56,1,2008,0,0,0,1,1,1,0,0,0,0,1,4,5,5,5,4,4,4,232258.0,55189.0,19457.47,2432.48,12852.11,159.03,20287.81,6374.0,630.0,2909590.0,1045769.0,181669.0,464117.0,5013.0,1213022.0,37572
56,1,2008,0,0,0,1,1,1,0,0,0,1,1,4,5,5,5,4,4,4,373505.0,93618.0,21662.87,2925.13,38143.09,245.07,30641.760000000002,10934.0,695.0,5457072.0,1310185.0,248159.0,1958063.0,7899.0,1932766.0,12741
57,2,2008,0,0,0,0,0,0,1,0,0,0,1,4,4,4,4,5,4,4,217084.0,58723.0,19481.27,3164.7799999999997,13925.89,118.31,22032.65,7720.0,631.0,3227797.0,1075190.0,238473.0,550005.0,4170.0,1359959.0,34771
57,2,2008,0,0,0,0,0,0,1,0,0,1,1,4,4,4,4,5,4,4,352147.0,97514.0,20972.920000000002,3616.95,39339.53,190.12,33394.48,12876.0,1079.0,5794114.0,1323106.0,305853.0,2022639.0,7191.0,2135325.0,11861
58,3,2008,0,0,1,0,0,0,0,1,1,0,1,5,4,4,4,4,5,5,234670.0,59494.0,21192.43,2801.6,13739.79,193.08,21567.45,6373.0,572.0,3180648.0,1137218.0,225322.0,541354.0,6080.0,1270674.0,36859
58,3,2008,0,0,1,0,0,0,0,1,1,1,1,5,4,4,4,4,5,5,381413.0,97876.0,22583.71,2944.3,39022.16,264.21,33061.87,9809.0,986.0,5668427.0,1390677.0,249365.0,1945779.0,9037.0,2073569.0,12462
59,4,2008,0,0,0,1,1,0,0,0,0,0,1,4,5,5,4,4,4,4,227658.0,44425.0,15519.33,1591.5,12291.36,109.18,14913.91,3248.0,416.0,2245606.0,803151.0,132583.0,454943.0,3176.0,851753.0,36000
59,4,2008,0,0,0,1,1,0,0,0,0,1,1,4,5,5,4,4,4,4,370468.0,77744.0,18127.32,1718.75,33735.85,130.87,24031.29,7107.0,632.0,4198929.0,1123615.0,136223.0,1509062.0,4469.0,1425560.0,12210
60,5,2008,0,0,0,0,0,1,1,1,0,0,1,4,4,4,5,5,5,4,229706.0,42628.0,14117.95,1400.98,11945.9,99.38,15063.95,2025.0,265.0,2082312.0,713951.0,94613.0,432532.0,3477.0,837739.0,36518
60,5,2008,0,0,0,0,0,1,1,1,0,1,1,4,4,4,5,5,5,4,376586.0,77498.0,16896.41,1836.08,34941.67,156.13,23667.83,4204.0,588.0,4131018.0,1008680.0,145400.0,1564139.0,6274.0,1406525.0,12586
61,6,2008,0,0,1,0,0,0,0,0,1,0,1,5,4,4,4,4,4,5,231360.0,58810.0,19261.4,3038.93,15706.94,136.63,20665.98,3612.0,615.0,3346722.0,1061376.0,245354.0,711687.0,4876.0,1323429.0,36150
61,6,2008,0,0,1,0,0,0,0,0,1,1,1,5,4,4,4,4,4,5,377305.0,105450.0,21999.14,3886.72,46150.56,157.89000000000001,33255.6,7319.0,1661.0,6525550.0,1420891.0,326478.0,2515231.0,5738.0,2257212.0,12300
62,7,2008,0,0,0,1,1,1,0,0,0,0,1,4,5,5,5,4,4,4,237588.0,50340.0,18321.2,2891.35,12329.41,138.03,16660.1,3390.0,418.0,2954843.0,1009936.0,246296.0,591261.0,4699.0,1102651.0,36921
62,7,2008,0,0,0,1,1,1,0,0,0,1,1,4,5,5,5,4,4,4,390343.0,89710.0,21225.77,3448.4,36510.49,179.02,28346.420000000002,7208.0,1492.0,5810103.0,1407161.0,309498.0,2124776.0,8427.0,1960241.0,12648
63,8,2008,0,0,0,0,0,0,1,1,1,0,1,4,4,4,4,5,5,5,230944.0,43453.0,16288.28,2219.4,10665.16,89.63,14190.59,3213.0,340.0,2381588.0,890196.0,166327.0,461153.0,3143.0,860769.0,36859
63,8,2008,0,0,0,0,0,0,1,1,1,1,1,4,4,4,4,5,5,5,381333.0,77028.0,19373.19,2817.11,30205.8,129.42,24502.64,6622.0,1352.0,4714486.0,1240388.0,232579.0,1607595.0,4271.0,1629653.0,12648
64,9,2008,0,0,1,1,0,0,0,0,0,0,1,5,5,4,4,4,4,4,201789.0,24248.0,9904.9,907.59,6303.85,60.43,7071.33,4185.0,301.0,1137094.0,495364.0,62013.0,206348.0,1992.0,371377.0,35010
64,9,2008,0,0,1,1,0,0,0,0,0,1,1,5,5,4,4,4,4,4,339117.0,46901.0,11815.75,1263.87,21272.170000000002,63.37,12485.77,5726.0,418.0,2496849.0,723324.0,95019.0,971141.0,2831.0,704534.0,12090
65,10,2008,0,0,0,0,1,1,1,0,0,0,1,4,4,5,5,5,4,4,206332.0,25237.0,9462.54,565.63,6629.49,63.14,8516.46,991.0,304.0,1125389.0,448222.0,40129.0,196977.0,2327.0,437734.0,33697
65,10,2008,0,0,0,0,1,1,1,0,0,1,1,4,4,5,5,5,4,4,349873.0,48280.0,11939.630000000001,879.41,22098.99,88.66,13273.48,2258.0,581.0,2381621.0,696832.0,64963.0,905407.0,2958.0,711461.0,11935
66,11,2008,0,0,0,0,0,0,0,1,1,0,1,4,4,4,4,4,5,5,193959.0,28062.0,9021.57,767.02,8447.71,46.38,9779.44,1420.0,357.0,1357624.0,439645.0,50136.0,281076.0,1588.0,585179.0,33270
66,11,2008,0,0,0,0,0,0,0,1,1,1,1,4,4,4,4,4,5,5,329312.0,53860.0,11311.45,1184.37,25992.39,78.3,15293.58,3038.0,483.0,2960945.0,682330.0,89306.0,1246820.0,2499.0,939990.0,11700
67,12,2008,0,0,1,1,1,0,0,0,0,0,1,5,5,5,4,4,4,4,202432.0,61636.0,18681.04,3475.26,15469.28,138.74,23871.37,6739.0,1099.0,3689013.0,1095541.0,289506.0,670046.0,5107.0,1628813.0,34937
67,12,2008,0,0,1,1,1,0,0,0,0,1,1,5,5,5,4,4,4,4,342524.0,107011.0,22983.32,4861.83,42141.53,219.27,36804.96,11038.0,1333.0,6860653.0,1505469.0,458453.0,2239350.0,7074.0,2650307.0,12183
68,1,2009,0,0,0,0,0,1,1,1,0,0,1,4,4,4,5,5,5,4,197004.0,38776.0,11803.2,2115.95,12209.23,74.76,12572.8,4684.0,624.0,1896693.0,612935.0,140554.0,445810.0,2187.0,695207.0,34379
68,1,2009,0,0,0,0,0,1,1,1,0,1,1,4,4,4,5,5,5,4,335333.0,69880.0,15287.25,2967.96,30578.010000000002,134.24,20912.42,7745.0,638.0,3715298.0,940431.0,226740.0,1316793.0,4304.0,1227030.0,12214
69,2,2009,0,0,0,0,0,0,0,0,0,0,1,4,4,4,4,4,4,4,180010.0,25970.0,8978.15,808.67,7528.66,44.63,8610.02,1905.0,379.0,1257782.0,453429.0,55586.0,256814.0,1181.0,490772.0,30548
69,2,2009,0,0,0,0,0,0,0,0,0,1,1,4,4,4,4,4,4,4,308400.0,52117.0,11371.18,1281.98,24593.13,74.06,14796.59,4187.0,433.0,2845390.0,684828.0,96280.0,1178146.0,2424.0,883712.0,10808
70,3,2009,0,0,1,1,0,0,0,0,1,0,1,5,5,4,4,4,4,5,205395.0,37353.0,12348.13,1458.34,9583.27,89.03,13874.2,4061.0,546.0,1962868.0,651370.0,119820.0,360672.0,2828.0,828178.0,33852
70,3,2009,0,0,1,1,0,0,0,0,1,1,1,5,5,4,4,4,4,5,352025.0,70055.0,14624.76,2005.53,31032.27,108.81,22283.66,7619.0,791.0,3964780.0,914491.0,165335.0,1495106.0,3402.0,1386446.0,11873
71,4,2009,0,0,0,0,1,1,0,0,0,0,1,4,4,5,5,4,4,4,197815.0,34687.0,11301.07,1709.77,9183.12,62.11,12431.0,2809.0,466.0,1904780.0,591931.0,159726.0,356710.0,1650.0,794763.0,32550
71,4,2009,0,0,0,0,1,1,0,0,0,1,1,4,4,5,5,4,4,4,339977.0,67994.0,14432.04,1992.6,30635.65,84.25,20849.49,5164.0,1055.0,4177624.0,917850.0,193698.0,1660761.0,2506.0,1402809.0,11460
72,5,2009,0,0,0,0,0,0,1,1,1,0,1,4,4,4,4,5,5,5,198881.0,33274.0,10955.31,1384.76,8757.09,67.44,12109.51,1522.0,422.0,1622322.0,548181.0,92067.0,307585.0,1757.0,672732.0,33015
72,5,2009,0,0,0,0,0,0,1,1,1,1,1,4,4,4,4,5,5,5,347951.0,67414.0,13972.94,2017.16,31509.16,102.34,19812.26,3270.0,779.0,3603991.0,830925.0,146351.0,1459484.0,3179.0,1164052.0,11873
73,6,2009,0,0,1,1,0,0,0,0,0,0,1,5,5,4,4,4,4,4,203256.0,41971.0,15114.18,1731.87,9286.48,111.78,15726.98,2729.0,531.0,2329448.0,814711.0,150904.0,406553.0,3740.0,953540.0,33060
73,6,2009,0,0,1,1,0,0,0,0,0,1,1,5,5,4,4,4,4,4,354338.0,80915.0,17990.24,2898.39,33580.86,125.83,26319.7,5553.0,1481.0,4898254.0,1150692.0,263535.0,1744707.0,4331.0,1734989.0,11700
74,7,2009,0,0,0,0,1,1,1,0,0,0,1,4,4,5,5,5,4,4,211776.0,43610.0,15608.9,1736.56,10260.92,79.36,15924.57,2346.0,412.0,2295149.0,821282.0,133335.0,409932.0,2545.0,928055.0,33573
74,7,2009,0,0,0,0,1,1,1,0,0,1,1,4,4,5,5,5,4,4,368357.0,77819.0,18788.69,2584.1,29721.05,133.21,26592.01,4491.0,1252.0,4550370.0,1192449.0,197281.0,1475211.0,4456.0,1680973.0,11997
75,8,2009,0,0,1,0,0,0,0,1,1,0,1,5,4,4,4,4,5,5,206424.0,38084.0,13934.97,1397.33,8969.87,107.19,13674.74,1885.0,471.0,2010521.0,739967.0,96835.0,367752.0,3697.0,802270.0,33852
75,8,2009,0,0,1,0,0,0,0,1,1,1,1,5,4,4,4,4,5,5,361877.0,70298.0,17072.72,2515.21,27580.29,155.0,22974.91,3733.0,983.0,3973276.0,1061126.0,187085.0,1296250.0,7690.0,1421125.0,12183
76,9,2009,0,0,0,1,1,0,0,0,0,0,1,4,5,5,4,4,4,4,184750.0,23127.0,8885.04,761.78,5842.03,36.65,7601.34,996.0,310.0,1091886.0,444508.0,55832.0,187889.0,1081.0,402576.0,31800
76,9,2009,0,0,0,1,1,0,0,0,0,1,1,4,5,5,4,4,4,4,326102.0,43635.0,10962.4,1135.72,19270.15,66.02,12200.78,1938.0,631.0,2222118.0,679406.0,87320.0,772221.0,1934.0,681237.0,11580
77,10,2009,0,0,0,0,0,1,1,1,0,0,1,4,4,4,5,5,5,4,192131.0,39766.0,12784.95,964.29,10642.37,68.12,15306.42,1862.0,432.0,1891899.0,627087.0,67589.0,375505.0,2620.0,819098.0,32333
77,10,2009,0,0,0,0,0,1,1,1,0,1,1,4,4,4,5,5,5,4,339668.0,74783.0,15211.96,1804.02,34647.04,117.32,23002.7,3411.0,649.0,3908644.0,899730.0,140525.0,1557915.0,4212.0,1306262.0,12152
78,11,2009,0,0,1,0,0,0,0,0,1,0,1,5,4,4,4,4,4,5,185198.0,18441.0,7631.71,417.36,4396.23,26.54,5969.38,926.0,275.0,815829.0,358099.0,26767.0,132850.0,676.0,297437.0,31590
78,11,2009,0,0,1,0,0,0,0,0,1,1,1,5,4,4,4,4,4,5,324342.0,36299.0,9655.73,626.84,15502.8,43.56,10470.26,1806.0,414.0,1804129.0,579390.0,45286.0,626409.0,1200.0,551844.0,11910
79,12,2009,0,0,0,1,1,1,0,0,0,0,1,4,5,5,5,4,4,4,192038.0,47500.0,15687.65,2248.64,11890.82,167.15,17506.0,5044.0,729.0,2492736.0,820920.0,170302.0,471096.0,5885.0,1024533.0,33914
79,12,2009,0,0,0,1,1,1,0,0,0,1,1,4,5,5,5,4,4,4,337231.0,84520.0,19339.53,3300.34,33444.25,248.53,28187.44,9686.0,759.0,4770032.0,1170325.0,271624.0,1558115.0,9341.0,1760627.0,12245
80,1,2010,0,0,0,0,0,0,1,1,1,0,1,4,4,4,4,5,5,5,189604.0,35820.0,12581.51,1346.75,9453.49,167.53,12270.9,4933.0,728.0,1770906.0,655734.0,95852.0,322155.0,7815.0,689350.0,32953
80,1,2010,0,0,0,0,0,0,1,1,1,1,1,4,4,4,4,5,5,5,332202.0,61108.0,14983.75,2059.75,24457.27,270.27,19336.92,7897.0,691.0,3354012.0,923148.0,162445.0,1089836.0,14864.0,1163719.0,11284
81,2,2010,0,0,0,0,0,0,0,0,0,0,1,4,4,4,4,4,4,4,176374.0,35671.0,11994.18,1429.63,9638.25,126.34,12482.59,7786.0,523.0,1848450.0,635763.0,114518.0,359470.0,4154.0,734545.0,29960
81,2,2010,0,0,0,0,0,0,0,0,0,1,1,4,4,4,4,4,4,4,306894.0,59350.0,13645.59,2191.45,23596.2,188.67,19728.24,18512.0,610.0,3276908.0,830070.0,193593.0,1029549.0,6058.0,1217638.0,10192
82,3,2010,0,0,1,1,1,0,0,0,0,0,1,5,5,5,4,4,4,4,200758.0,35480.0,13255.64,1173.81,7146.32,144.49,13759.68,2846.0,424.0,1822780.0,676035.0,87535.0,246922.0,4411.0,807877.0,32457
82,3,2010,0,0,1,1,1,0,0,0,0,1,1,5,5,5,4,4,4,4,348503.0,65054.0,15538.68,1821.6399999999999,25966.04,187.64000000000001,21540.24,5384.0,888.0,3681772.0,973077.0,139515.0,1216083.0,5588.0,1347509.0,11222
83,4,2010,0,0,0,0,0,1,1,0,0,0,1,4,4,4,5,5,4,4,192670.0,26852.0,10414.81,741.26,5814.86,93.22,9787.75,1298.0,327.0,1269639.0,503062.0,49704.0,188812.0,3450.0,524611.0,32940
83,4,2010,0,0,0,0,0,1,1,0,0,1,1,4,4,4,5,5,4,4,336660.0,46332.0,12332.54,1006.04,17714.9,138.12,15140.41,2339.0,625.0,2400865.0,729486.0,72226.0,741650.0,4805.0,852698.0,11040
84,5,2010,0,0,1,0,0,0,0,1,1,0,1,5,4,4,4,4,5,5,197070.0,36511.0,12670.83,1362.84,8455.22,66.29,13956.04,2417.0,474.0,1932943.0,661176.0,115968.0,312399.0,2247.0,841153.0,32984
84,5,2010,0,0,1,0,0,0,0,1,1,1,1,5,4,4,4,4,5,5,345677.0,64172.0,14652.62,1896.22,26301.26,117.98,21204.08,4299.0,1026.0,3700436.0,927745.0,161408.0,1279064.0,3726.0,1328493.0,11470
85,6,2010,0,0,0,1,1,0,0,0,0,0,1,4,5,5,4,4,4,4,201642.0,45057.0,16273.9,1619.96,9550.72,86.98,17525.57,2829.0,550.0,2496452.0,887994.0,125660.0,384405.0,3228.0,1095165.0,33360
85,6,2010,0,0,0,1,1,0,0,0,0,1,1,4,5,5,4,4,4,4,350044.0,74950.0,18440.77,2471.18,26633.98,123.66,27280.47,5449.0,1270.0,4435928.0,1135993.0,199337.0,1337242.0,3805.0,1759551.0,11280
86,7,2010,0,0,0,0,0,1,1,1,0,0,1,4,4,4,5,5,5,4,208374.0,46840.0,16765.95,1945.52,9970.66,113.38,18044.26,2820.0,521.0,2544908.0,894506.0,137528.0,401800.0,3394.0,1107680.0,34038
86,7,2010,0,0,0,0,0,1,1,1,0,1,1,4,4,4,5,5,5,4,362414.0,76060.0,19566.08,2535.6,25458.31,145.32999999999998,28354.73,5350.0,1461.0,4463023.0,1224987.0,202531.0,1247854.0,5927.0,1781724.0,11594
87,8,2010,0,0,1,1,0,0,0,0,1,0,1,5,5,4,4,4,4,5,207666.0,36153.0,13646.03,1022.02,7377.2,95.44,14012.6,1949.0,434.0,1826177.0,703490.0,76815.0,258280.0,2951.0,784641.0,34720
87,8,2010,0,0,1,1,0,0,0,0,1,1,1,5,5,4,4,4,4,5,361551.0,61444.0,15700.65,1621.36,21479.94,124.8,22517.239999999998,3664.0,803.0,3399660.0,970399.0,123874.0,986544.0,3726.0,1315117.0,11625
88,9,2010,0,0,0,0,1,1,0,0,0,0,1,4,4,5,5,4,4,4,190868.0,26262.0,9699.09,890.25,6299.51,45.14,9328.15,1653.0,409.0,1245399.0,487300.0,58440.0,207643.0,1367.0,490649.0,33780
88,9,2010,0,0,0,0,1,1,0,0,0,1,1,4,4,5,5,4,4,4,335239.0,46476.0,11269.53,1270.48,19009.75,61.56,14864.8,3101.0,669.0,2393880.0,677241.0,86382.0,806703.0,2181.0,821373.0,11310
89,10,2010,0,0,0,0,0,0,1,1,1,0,1,4,4,4,4,5,5,5,197460.0,29775.0,11307.11,637.75,5769.06,76.59,11984.64,1891.0,295.0,1423528.0,548868.0,47133.0,179282.0,2160.0,646085.0,33852
89,10,2010,0,0,0,0,0,0,1,1,1,1,1,4,4,4,4,5,5,5,348058.0,52616.0,12892.09,1051.8,20356.23,105.71,18210.23,3383.0,556.0,2830946.0,757206.0,97979.0,920912.0,3192.0,1051657.0,11563
90,11,2010,0,0,1,1,0,0,0,0,0,0,1,5,5,4,4,4,4,4,188321.0,31202.0,11404.66,653.56,7225.73,63.9,11854.24,1264.0,328.0,1419550.0,551666.0,40517.0,221914.0,1680.0,603773.0,32670
90,11,2010,0,0,1,1,0,0,0,0,0,1,1,5,5,4,4,4,4,4,332678.0,51936.0,12478.98,979.5600000000001,20819.51,104.9,17552.94,2491.0,494.0,2510673.0,705595.0,69466.0,793465.0,3043.0,939104.0,11430
91,12,2010,0,0,0,0,1,1,1,0,0,0,1,4,4,5,5,5,4,4,195111.0,49643.0,17589.61,1543.63,10664.5,181.31,19664.06,6328.0,607.0,2625276.0,951561.0,118385.0,387549.0,6556.0,1161225.0,34379
91,12,2010,0,0,0,0,1,1,1,0,0,1,1,4,4,5,5,5,4,4,344271.0,80120.0,19979.84,2581.98,27457.98,228.51,29871.87,13364.0,761.0,4583387.0,1205403.0,208401.0,1309585.0,7082.0,1852916.0,11842
92,1,2011,0,0,1,0,0,0,0,1,1,0,1,5,4,4,4,4,5,5,171512.0,35374.0,12426.4,1039.49,8184.75,126.77,13596.77,5682.0,446.0,1748262.0,632704.0,74246.0,291387.0,3878.0,746047.0,29202
92,1,2011,0,0,1,0,0,0,0,1,1,1,1,5,4,4,4,4,5,5,322888.0,61704.0,15515.29,1911.53,22066.33,219.51,21991.32,13452.0,518.0,3282843.0,905641.0,153218.0,919998.0,7431.0,1296555.0,10695
93,2,2011,0,0,0,0,0,0,0,0,0,0,1,4,4,4,4,4,4,4,158714.0,33594.0,11136.84,1298.6,7969.66,97.03,13092.039999999999,8094.0,562.0,1772733.0,606044.0,98940.0,299974.0,3137.0,764638.0,26348
93,2,2011,0,0,0,0,0,0,0,0,0,1,1,4,4,4,4,4,4,4,296801.0,59115.0,13653.61,1834.98,22708.49,113.25,20804.69,14084.0,526.0,3273043.0,857047.0,159354.0,967818.0,3975.0,1284849.0,9800
94,3,2011,0,0,0,1,1,1,0,0,0,0,1,4,5,5,5,4,4,4,183680.0,35988.0,12817.55,564.3,7657.72,83.57000000000001,14865.05,2245.0,516.0,1845896.0,684592.0,43736.0,262258.0,2443.0,852867.0,29264
94,3,2011,0,0,0,1,1,1,0,0,0,1,1,4,5,5,5,4,4,4,343007.0,65554.0,15383.09,1120.68,24758.45,119.73,24172.22,4426.0,635.0,3604551.0,952430.0,97388.0,1082213.0,3967.0,1468553.0,10788
95,4,2011,0,0,0,0,0,0,1,1,0,0,1,4,4,4,4,5,5,4,176989.0,39165.0,12894.94,1001.78,9129.13,86.25,16053.04,3831.0,503.0,2136110.0,721299.0,92060.0,341633.0,2602.0,978516.0,28260
95,4,2011,0,0,0,0,0,0,1,1,0,1,1,4,4,4,4,5,5,4,330035.0,73363.0,15895.3,1802.36,29236.33,141.69,26287.23,6332.0,1002.0,4220228.0,1009895.0,154988.0,1394249.0,5313.0,1655783.0,10410
96,5,2011,0,0,1,1,0,0,0,0,1,0,1,5,5,4,4,4,4,5,181352.0,37715.0,12472.06,1503.05,8338.41,95.56,15305.99,3799.0,407.0,2151764.0,685207.0,145499.0,346176.0,3504.0,971378.0,28892
96,5,2011,0,0,1,1,0,0,0,0,1,1,1,5,5,4,4,4,4,5,339260.0,69430.0,16021.28,2048.6,26395.510000000002,139.48,24825.17,6955.0,1127.0,4201679.0,1001972.0,199280.0,1354170.0,4718.0,1641539.0,10757
97,6,2011,0,0,0,0,1,1,0,0,0,0,1,4,4,5,5,4,4,4,184018.0,39485.0,14224.81,1327.32,7984.61,82.94,15865.35,3118.0,452.0,2232270.0,816302.0,111669.0,323345.0,3281.0,977673.0,28830
97,6,2011,0,0,0,0,1,1,0,0,0,1,1,4,4,5,5,4,4,4,344569.0,71652.0,18033.81,2202.26,24050.38,149.95,27215.63,6172.0,1099.0,4377660.0,1181767.0,204067.0,1189320.0,6691.0,1795815.0,10440
98,7,2011,0,0,0,0,0,0,1,1,1,0,1,4,4,4,4,5,5,5,189516.0,38923.0,14087.18,1227.14,7728.99,55.11,15824.8,2912.0,388.0,2232040.0,812815.0,96957.0,311492.0,1974.0,1008802.0,29729
98,7,2011,0,0,0,0,0,0,1,1,1,1,1,4,4,4,4,5,5,5,357702.0,71555.0,17879.670000000002,2293.61,23403.07,87.92,27890.61,6320.0,1158.0,4418070.0,1171530.0,183628.0,1182089.0,2935.0,1877888.0,10850
99,8,2011,0,0,1,1,1,0,0,0,0,0,1,5,5,5,4,4,4,4,187461.0,33594.0,12338.97,1367.87,7040.9,70.52,12775.72,3516.0,327.0,1845382.0,684896.0,104156.0,272673.0,2759.0,780898.0,29791
99,8,2011,0,0,1,1,1,0,0,0,0,1,1,5,5,5,4,4,4,4,353981.0,63038.0,16261.38,2441.03,21069.62,127.82000000000001,23138.19,10210.0,1176.0,3902108.0,1070510.0,199377.0,1088916.0,5193.0,1538112.0,10850
100,9,2011,0,0,0,0,0,1,1,0,0,0,1,4,4,4,5,5,4,4,167275.0,24465.0,9076.94,594.23,5259.87,52.49,9481.63,1266.0,372.0,1249887.0,475938.0,46887.0,179411.0,2439.0,545212.0,28650
100,9,2011,0,0,0,0,0,1,1,0,0,1,1,4,4,4,5,5,4,4,320193.0,49047.0,11825.41,1195.9,19904.97,76.48,16044.24,2721.0,701.0,2638832.0,760002.0,87207.0,835413.0,2671.0,953539.0,10320
101,10,2011,0,0,1,0,0,0,0,1,1,0,1,5,4,4,4,4,5,5,173826.0,22488.0,8586.16,477.85,4946.52,54.09,8423.46,1258.0,282.0,1083672.0,440354.0,34219.0,157570.0,1833.0,449696.0,29264
101,10,2011,0,0,1,0,0,0,0,1,1,1,1,5,4,4,4,4,5,5,330569.0,45731.0,11750.45,845.01,18276.16,80.76,14778.55,2642.0,533.0,2357870.0,728864.0,70513.0,705969.0,3027.0,849497.0,10633
102,11,2011,0,0,0,1,1,0,0,0,0,0,1,4,5,5,4,4,4,4,165267.0,22050.0,7968.97,454.7,5329.64,57.06,8239.5,1130.0,312.0,1042155.0,402649.0,27198.0,162717.0,1591.0,448000.0,28830
102,11,2011,0,0,0,1,1,0,0,0,0,1,1,4,5,5,4,4,4,4,312773.0,44229.0,10998.95,768.14,18092.670000000002,66.92,14302.35,2098.0,461.0,2293282.0,681572.0,49535.0,745074.0,2197.0,814904.0,10410
103,12,2011,0,0,0,0,0,1,1,1,0,0,1,4,4,4,5,5,5,4,170841.0,25703.0,9469.75,622.91,5692.49,56.79,9861.14,1295.0,409.0,1260101.0,485033.0,40641.0,184137.0,1674.0,548616.0,29667
103,12,2011,0,0,0,0,0,1,1,1,0,1,1,4,4,4,5,5,5,4,323047.0,46910.0,12577.73,1019.7,17469.97,76.7,15765.93,2418.0,484.0,2505504.0,784178.0,83610.0,705208.0,2120.0,930388.0,10819
104,1,2012,0,0,1,1,0,0,0,0,1,0,1,5,5,4,4,4,4,5,167027.0,23739.0,8313.95,912.27,5811.07,53.81,8647.87,2328.0,447.0,1211526.0,441259.0,68132.0,200053.0,1533.0,500549.0,27683
104,1,2012,0,0,1,1,0,0,0,0,1,1,1,5,5,4,4,4,4,5,319106.0,47169.0,11437.69,1745.5,18602.39,63.84,15319.66,4776.0,557.0,2638899.0,750470.0,147325.0,784360.0,2173.0,954571.0,9765
105,2,2012,0,0,0,0,1,0,0,0,0,0,1,4,4,5,4,4,4,4,159711.0,20646.0,7763.32,519.34,4874.83,53.22,7435.22,1644.0,358.0,1000786.0,405566.0,33958.0,154715.0,2550.0,403997.0,25723
105,2,2012,0,0,0,0,1,0,0,0,0,1,1,4,4,5,4,4,4,4,305115.0,38341.0,10140.91,1108.66,14344.23,75.64,12671.67,3017.0,316.0,1991743.0,650286.0,82668.0,529619.0,3436.0,725734.0,9135
106,3,2012,0,0,0,0,0,1,1,1,0,0,1,4,4,4,5,5,5,4,179280.0,30195.0,11110.95,879.94,6360.34,53.58,11790.12,1893.0,478.0,1597493.0,615489.0,68318.0,214423.0,1902.0,697361.0,27559
106,3,2012,0,0,0,0,0,1,1,1,0,1,1,4,4,4,5,5,5,4,342348.0,56281.0,14453.07,1776.8899999999999,19660.16,70.66,20320.25,3517.0,546.0,3146547.0,919282.0,131098.0,823578.0,2052.0,1270537.0,9765
107,4,2012,0,0,1,0,0,0,0,0,1,0,1,5,4,4,4,4,4,5,172924.0,22358.0,8857.97,759.86,4500.72,48.2,8191.33,1756.0,296.0,1107710.0,459154.0,58361.0,144046.0,2021.0,444128.0,26220
107,4,2012,0,0,1,0,0,0,0,0,1,1,1,5,4,4,4,4,4,5,332294.0,41281.0,11541.72,1200.77,13479.88,72.16,14986.61,3205.0,531.0,2202333.0,729469.0,86464.0,500828.0,2712.0,882860.0,9420
108,5,2012,0,0,0,1,1,1,0,0,0,0,1,4,5,5,5,4,4,4,177295.0,27346.0,10249.89,964.74,5712.14,75.2,10344.02,1564.0,374.0,1441438.0,550934.0,68304.0,211842.0,2695.0,607663.0,27187
108,5,2012,0,0,0,1,1,1,0,0,0,1,1,4,5,5,5,4,4,4,341128.0,53107.0,13533.1,2055.49,18916.75,100.55,18501.09,2915.0,873.0,3045107.0,877119.0,167048.0,834168.0,3521.0,1163251.0,9734
109,6,2012,0,0,0,0,0,0,1,1,0,0,1,4,4,4,4,5,5,4,180736.0,33234.0,12401.41,972.1800000000001,6222.54,59.6,13578.4,1847.0,337.0,1788985.0,661191.0,75547.0,249246.0,2030.0,800971.0,26580
109,6,2012,0,0,0,0,0,0,1,1,0,1,1,4,4,4,4,5,5,4,346197.0,61450.0,17210.31,1640.32,19240.65,137.62,23220.97,3939.0,1077.0,3737280.0,1133723.0,142778.0,927580.0,5103.0,1528096.0,9420
110,7,2012,0,0,1,1,0,0,0,0,1,0,1,5,5,4,4,4,4,5,186937.0,43198.0,14819.92,1721.32,8304.47,76.48,18275.9,2508.0,440.0,2508608.0,831237.0,139345.0,370418.0,2561.0,1165047.0,26970
110,7,2012,0,0,1,1,0,0,0,0,1,1,1,5,5,4,4,4,4,5,358194.0,78198.0,19613.54,2739.87,24776.28,134.75,30933.64,5202.0,1208.0,5135066.0,1339390.0,240785.0,1370303.0,4202.0,2180386.0,9734
111,8,2012,0,0,0,0,1,1,1,0,0,0,1,4,4,5,5,5,4,4,184803.0,36654.0,13348.08,991.84,7234.41,80.22,14999.53,2475.0,438.0,2021042.0,732436.0,74518.0,295432.0,3276.0,915380.0,27373
111,8,2012,0,0,0,0,1,1,1,0,0,1,1,4,4,5,5,5,4,4,355990.0,67780.0,17984.07,1882.18,21224.91,161.82,26527.0,4624.0,802.0,4145099.0,1184143.0,148005.0,1037924.0,6901.0,1768126.0,9827
112,9,2012,0,0,0,0,0,0,0,1,1,0,1,4,4,4,4,4,5,5,166769.0,25054.0,9080.61,557.4,5758.6,37.95,9619.63,1161.0,299.0,1296173.0,484641.0,36880.0,218345.0,1519.0,554788.0,26430
112,9,2012,0,0,0,0,0,0,0,1,1,1,1,4,4,4,4,4,5,5,323430.0,52021.0,13736.65,1092.78,18668.35,96.63,18426.58,2792.0,517.0,2966020.0,921065.0,72897.0,825113.0,3782.0,1143163.0,9480
113,10,2012,0,0,1,1,1,0,0,0,0,0,1,5,5,5,4,4,4,4,176236.0,28468.0,10552.2,360.54,6419.02,50.78,11085.55,3440.0,288.0,1398449.0,536440.0,24052.0,225409.0,1669.0,610879.0,26753
113,10,2012,0,0,1,1,1,0,0,0,0,1,1,5,5,5,4,4,4,4,339018.0,58077.0,15032.98,926.38,21511.82,98.64,20507.34,11184.0,510.0,3068068.0,934071.0,65806.0,867669.0,4346.0,1196176.0,9734
114,11,2012,0,0,0,0,0,1,1,0,0,0,1,4,4,4,5,5,4,4,166661.0,21798.0,8586.84,320.68,4441.9,41.230000000000004,8407.5,1492.0,254.0,1084933.0,431812.0,22834.0,146903.0,1464.0,481920.0,26520
114,11,2012,0,0,0,0,0,1,1,0,0,1,1,4,4,4,5,5,4,4,321345.0,42036.0,12228.8,747.3100000000001,13523.35,72.76,15463.73,3613.0,445.0,2358953.0,768447.0,77143.0,567461.0,2419.0,943483.0,9600
115,12,2012,0,0,1,0,0,0,0,1,1,0,1,5,4,4,4,4,5,5,168282.0,37728.0,12891.2,1201.35,7751.98,80.41,15802.97,2987.0,503.0,2034571.0,693029.0,106390.0,301687.0,2582.0,930883.0,27745
115,12,2012,0,0,1,0,0,0,0,1,1,1,1,5,4,4,4,4,5,5,325936.0,68999.0,17791.04,1721.85,22828.4,184.96,26472.81,4983.0,625.0,3989863.0,1114803.0,141154.0,1027700.0,6603.0,1699603.0,9796
116,1,2013,0,0,0,1,1,1,0,0,0,0,1,4,5,5,5,4,4,4,177516.0,32175.0,11232.35,1151.29,8435.54,54.57,11301.24,2844.0,514.0,1677016.0,618180.0,89605.0,313500.0,1833.0,653898.0,30752
116,1,2013,0,0,0,1,1,1,0,0,0,1,1,4,5,5,5,4,4,4,332003.0,56035.0,14147.74,1640.72,20740.43,128.09,19378.12,4717.0,617.0,3121236.0,946194.0,143998.0,835431.0,4471.0,1191142.0,10540
117,2,2013,0,0,0,0,0,0,0,0,0,0,1,4,4,4,4,4,4,4,163938.0,30007.0,10250.46,1063.7,7771.82,51.01,10870.1,3902.0,387.0,1548362.0,555319.0,77650.0,297605.0,2310.0,615478.0,27832
117,2,2013,0,0,0,0,0,0,0,0,0,1,1,4,4,4,4,4,4,4,305808.0,53558.0,13039.87,1555.38,19697.18,72.3,19193.39,7427.0,470.0,2945468.0,860402.0,113240.0,822053.0,2408.0,1147365.0,9296
118,3,2013,0,0,0,0,0,0,1,1,1,0,1,4,4,4,4,5,5,5,193319.0,36896.0,12211.47,940.02,9474.65,78.99,14190.94,2880.0,375.0,1953643.0,661295.0,77870.0,387150.0,3513.0,823815.0,30907
118,3,2013,0,0,0,0,0,0,1,1,1,1,1,4,4,4,4,5,5,5,358993.0,64847.0,15696.15,1681.1,23165.72,121.51,24182.48,6053.0,587.0,3751149.0,1005577.0,148136.0,1060441.0,4618.0,1532377.0,10292
119,4,2013,0,0,1,1,0,0,0,0,0,0,1,5,5,4,4,4,4,4,187482.0,38623.0,12171.85,1228.8799999999999,8966.31,75.7,16180.58,3332.0,345.0,2120843.0,671343.0,101108.0,363919.0,2520.0,981953.0,30210
119,4,2013,0,0,1,1,0,0,0,0,0,1,1,5,5,4,4,4,4,4,348911.0,72683.0,16180.89,1787.1,27275.12,123.92999999999999,27315.97,6127.0,664.0,4527192.0,1137379.0,169278.0,1401873.0,5223.0,1813439.0,10080
120,5,2013,0,0,0,0,1,1,1,0,0,0,1,4,4,5,5,5,4,4,191004.0,37650.0,12625.25,1336.07,8359.28,71.37,15257.92,2304.0,417.0,2055078.0,666438.0,109294.0,344570.0,2793.0,931983.0,30628
120,5,2013,0,0,0,0,1,1,1,0,0,1,1,4,4,5,5,5,4,4,357638.0,67628.0,15515.86,1876.28,25205.39,100.12,24930.48,3934.0,1003.0,4042426.0,1007710.0,151030.0,1248185.0,4302.0,1631199.0,10447
121,6,2013,0,0,0,0,0,0,0,1,1,0,1,4,4,4,4,4,5,5,191196.0,50180.0,16303.79,2307.66,9923.29,80.08,21565.46,3371.0,464.0,3055862.0,949357.0,202359.0,464440.0,3204.0,1436502.0,30540
121,6,2013,0,0,0,0,0,0,0,1,1,1,1,4,4,4,4,4,5,5,360945.0,93004.0,21157.89,3423.27,30767.07,136.13,37519.58,6481.0,1416.0,6304533.0,1490182.0,306504.0,1779393.0,6241.0,2722213.0,10170
122,7,2013,0,0,1,1,1,0,0,0,0,0,1,5,5,5,4,4,4,4,197795.0,49728.0,17240.12,1635.15,10090.2,86.8,20676.0,3098.0,404.0,2867660.0,977086.0,129153.0,451331.0,3138.0,1306952.0,30814
122,7,2013,0,0,1,1,1,0,0,0,0,1,1,5,5,5,4,4,4,4,373828.0,92831.0,21434.96,2726.26,32185.76,131.69,36352.33,6501.0,1363.0,5861064.0,1471169.0,213909.0,1719442.0,5403.0,2451141.0,10509
123,8,2013,0,0,0,0,0,1,1,1,0,0,1,4,4,4,5,5,5,4,194417.0,40469.0,14731.14,1142.94,7771.51,94.23,16729.43,2014.0,336.0,2090130.0,755787.0,85679.0,303324.0,3212.0,942128.0,31186
123,8,2013,0,0,0,0,0,1,1,1,0,1,1,4,4,4,5,5,5,4,368504.0,72181.0,17855.38,1611.78,24097.59,124.32,28491.96,3523.0,973.0,4021667.0,1096414.0,120739.0,1094959.0,4520.0,1705035.0,10726
124,9,2013,0,0,1,0,0,0,0,0,1,0,1,5,4,4,4,4,4,5,175943.0,28266.0,10009.17,723.91,5839.88,60.32,11633.210000000001,1484.0,283.0,1396873.0,493824.0,52750.0,215288.0,1824.0,633187.0,30150
124,9,2013,0,0,1,0,0,0,0,0,1,1,1,5,4,4,4,4,4,5,334862.0,48868.0,12722.99,1340.5,16701.45,84.01,18019.22,2928.0,770.0,2799759.0,794308.0,105672.0,799689.0,3362.0,1096728.0,10200
125,10,2013,0,0,0,1,1,1,0,0,0,0,1,4,5,5,5,4,4,4,184333.0,29594.0,10637.42,407.32,6424.64,36.84,12087.95,1164.0,309.0,1334493.0,510623.0,25054.0,210436.0,1316.0,587064.0,30442
125,10,2013,0,0,0,1,1,1,0,0,0,1,1,4,5,5,5,4,4,4,351011.0,51744.0,13237.82,764.57,18707.01,95.66,18939.11,2099.0,451.0,2583762.0,783114.0,52997.0,722194.0,3269.0,1022188.0,10447
126,11,2013,0,0,0,0,0,0,1,1,0,0,1,4,4,4,4,5,5,4,173316.0,28146.0,10151.84,547.41,6144.56,66.33,11235.89,1749.0,314.0,1349057.0,498680.0,34833.0,216779.0,4871.0,593894.0,30090
126,11,2013,0,0,0,0,0,0,1,1,0,1,1,4,4,4,4,5,5,4,329980.0,49206.0,13164.22,1010.23,16969.01,184.98,17877.56,3333.0,541.0,2596732.0,795443.0,74613.0,680515.0,20496.0,1025665.0,10290
127,12,2013,0,0,1,1,0,0,0,0,1,0,1,5,5,4,4,4,4,5,177885.0,54942.0,17935.33,1923.7,11759.69,92.14,23231.27,5357.0,504.0,2928112.0,957891.0,148232.0,497643.0,3100.0,1321246.0,31620
127,12,2013,0,0,1,1,0,0,0,0,1,1,1,5,5,4,4,4,4,5,338854.0,90016.0,23552.79,2991.77,28374.81,170.08,34926.64,9390.0,652.0,5005485.0,1433182.0,240450.0,1196706.0,5704.0,2129443.0,10571
128,1,2014,0,0,0,0,1,1,1,0,0,0,1,4,4,5,5,5,4,4,159054.0,43375.0,15105.06,2055.57,8459.42,49.17,17705.85,11028.0,644.0,2674014.0,907971.0,194274.0,397235.0,1999.0,1172535.0,26753
128,1,2014,0,0,0,0,1,1,1,0,0,1,1,4,4,5,5,5,4,4,312895.0,76619.0,21043.38,3904.0,22683.56,95.0,28893.13,19824.0,833.0,5013915.0,1476480.0,383777.0,1079422.0,3354.0,2070882.0,9548
129,2,2014,0,0,0,0,0,0,0,0,0,0,1,4,4,4,4,4,4,4,145282.0,35897.0,12405.75,956.62,7910.31,31.58,14592.81,7495.0,481.0,1909036.0,674463.0,79613.0,324156.0,1434.0,829370.0,23576
129,2,2014,0,0,0,0,0,0,0,0,0,1,1,4,4,4,4,4,4,4,285320.0,65543.0,16787.94,2229.05,21904.32,73.99,24547.57,16224.0,661.0,3908625.0,1087728.0,207147.0,1045652.0,2903.0,1565195.0,8568
130,3,2014,0,0,1,0,0,0,0,1,1,0,1,5,4,4,4,4,5,5,169647.0,36923.0,13285.9,647.06,7484.11,40.07,15465.84,3331.0,420.0,1834990.0,675773.0,50361.0,285349.0,1428.0,822079.0,26164
130,3,2014,0,0,1,0,0,0,0,1,1,1,1,5,4,4,4,4,5,5,334110.0,65374.0,17468.92,1319.41,21222.36,71.67,25291.45,6516.0,447.0,3517258.0,1047844.0,113419.0,883497.0,2393.0,1470105.0,9641
131,4,2014,0,0,0,1,1,0,0,0,0,0,1,4,5,5,4,4,4,4,162833.0,32825.0,11368.44,699.28,6859.66,39.800000000000004,13857.74,2053.0,348.0,1651267.0,583185.0,52916.0,261015.0,1710.0,752441.0,25200
131,4,2014,0,0,0,1,1,0,0,0,0,1,1,4,5,5,4,4,4,4,320666.0,58981.0,14465.83,1236.46,20927.88,72.78,22278.079999999998,3509.0,708.0,3227896.0,905836.0,89135.0,924081.0,2345.0,1306499.0,9210
132,5,2014,0,0,0,0,0,1,1,1,0,0,1,4,4,4,5,5,5,4,167472.0,36827.0,13128.26,892.61,7042.28,57.32,15706.75,3383.0,395.0,2018062.0,695103.0,80999.0,300091.0,2512.0,939357.0,26536
132,5,2014,0,0,0,0,0,1,1,1,0,1,1,4,4,4,5,5,5,4,331806.0,67318.0,17027.78,1942.25,23126.03,90.33,25131.67,6130.0,1297.0,4075762.0,1077563.0,189691.0,1193847.0,4219.0,1610442.0,9610
133,6,2014,0,0,1,0,0,0,0,0,1,0,1,5,4,4,4,4,4,5,168661.0,46382.0,15460.539999999999,1639.95,9097.56,56.03,20128.01,3808.0,472.0,2659116.0,871508.0,131888.0,396335.0,2121.0,1257264.0,26250
133,6,2014,0,0,1,0,0,0,0,0,1,1,1,5,4,4,4,4,4,5,333956.0,83324.0,20016.5,2867.2,28052.77,107.51,32279.89,6325.0,1296.0,5096169.0,1303261.0,247992.0,1392491.0,4307.0,2148118.0,9210
134,7,2014,0,0,0,1,1,1,0,0,0,0,1,4,5,5,5,4,4,4,174842.0,41786.0,15007.36,1063.07,8052.41,61.21,17601.68,2853.0,325.0,2314045.0,838053.0,94791.0,328439.0,2052.0,1050710.0,26753
134,7,2014,0,0,0,1,1,1,0,0,0,1,1,4,5,5,5,4,4,4,346038.0,75365.0,19316.34,2600.2,24020.37,94.22,29334.09,5537.0,1162.0,4550969.0,1261952.0,224379.0,1174761.0,3408.0,1886469.0,9455
135,8,2014,0,0,0,0,0,0,1,1,1,0,1,4,4,4,4,5,5,5,169211.0,37117.0,12932.91,1244.13,8071.95,60.71,14807.28,2224.0,340.0,2042734.0,701716.0,113557.0,326227.0,2284.0,898950.0,26908
135,8,2014,0,0,0,0,0,0,1,1,1,1,1,4,4,4,4,5,5,5,338280.0,68589.0,17590.08,2188.2,23070.8,115.0,25624.7,3725.0,1085.0,4023751.0,1130366.0,178023.0,1055500.0,5152.0,1654710.0,9641
136,9,2014,0,0,1,1,0,0,0,0,0,0,1,5,5,4,4,4,4,4,156153.0,27716.0,9709.86,595.31,6839.88,47.05,10523.9,2524.0,308.0,1396364.0,501835.0,37645.0,253042.0,1898.0,601944.0,26010
136,9,2014,0,0,1,1,0,0,0,0,0,1,1,5,5,4,4,4,4,4,313336.0,53462.0,12938.42,1229.19,21228.26,87.17,17979.03,4252.0,680.0,2965353.0,831655.0,89763.0,947941.0,4513.0,1091481.0,9270
137,10,2014,0,0,0,0,1,1,1,0,0,0,1,4,4,5,5,5,4,4,162836.0,30560.0,10275.47,581.97,7259.46,42.67,12400.34,1979.0,276.0,1549826.0,520931.0,48308.0,276082.0,1490.0,703015.0,26412
137,10,2014,0,0,0,0,1,1,1,0,0,1,1,4,4,5,5,5,4,4,328175.0,61725.0,14729.93,1072.36,24550.63,51.85,21320.32,3227.0,516.0,3419338.0,906137.0,83784.0,1140233.0,2543.0,1286641.0,9486
138,11,2014,0,0,0,0,0,0,0,1,1,0,1,4,4,4,4,4,5,5,154286.0,29521.0,9935.29,891.94,7227.72,53.68,11412.31,1600.0,287.0,1485541.0,511478.0,64081.0,264588.0,2456.0,642938.0,25410
138,11,2014,0,0,0,0,0,0,0,1,1,1,1,4,4,4,4,4,5,5,307768.0,55136.0,14046.59,1237.61,20165.21,50.36,19636.32,2701.0,420.0,3031705.0,882351.0,91361.0,852775.0,1699.0,1203519.0,8910
139,12,2014,0,0,1,1,1,0,0,0,0,0,1,5,5,5,4,4,4,4,158570.0,39044.0,13947.22,776.37,8225.36,85.78,16009.38,2629.0,514.0,1974762.0,725748.0,50738.0,290045.0,3317.0,904914.0,26784
139,12,2014,0,0,1,1,1,0,0,0,0,1,1,5,5,5,4,4,4,4,318613.0,71119.0,18594.17,1165.57,25152.22,106.11,26100.920000000002,4106.0,534.0,3976463.0,1140472.0,91027.0,1126745.0,3813.0,1614406.0,9269
140,1,2015,0,0,0,0,0,1,1,1,0,0,1,4,4,4,5,5,5,4,154759.0,32839.0,11459.36,1308.47,7813.51,53.11,12204.82,3632.0,433.0,1775120.0,625928.0,107399.0,305991.0,2141.0,733661.0,26815
140,1,2015,0,0,0,0,0,1,1,1,0,1,1,4,4,4,5,5,5,4,315208.0,63112.0,16807.87,2003.1100000000001,22065.12,95.11,22140.52,8349.0,540.0,3664742.0,1082227.0,155688.0,972064.0,4559.0,1450204.0,9548
141,2,2015,0,0,0,0,0,0,0,0,0,0,1,4,4,4,4,4,4,4,141252.0,31493.0,10633.05,1561.56,7751.66,37.91,11509.01,6720.0,431.0,1727450.0,581567.0,126649.0,328130.0,1608.0,689496.0,23828
141,2,2015,0,0,0,0,0,0,0,0,0,1,1,4,4,4,4,4,4,4,287939.0,63686.0,17001.99,3018.86,21778.69,73.44,21813.06,13797.0,580.0,3908146.0,1131093.0,284616.0,1021043.0,2972.0,1468422.0,8624
142,3,2015,0,0,1,1,0,0,0,0,1,0,1,5,5,4,4,4,4,5,165924.0,31212.0,11934.84,713.79,6723.08,69.04,11771.47,3437.0,434.0,1638470.0,640124.0,67083.0,253426.0,3646.0,674191.0,26226
142,3,2015,0,0,1,1,0,0,0,0,1,1,1,5,5,4,4,4,4,5,338387.0,64240.0,18159.29,1634.33,21560.39,80.0,22806.04,7564.0,738.0,3800440.0,1178556.0,161578.0,975467.0,2940.0,1481899.0,9517
143,4,2015,0,0,0,0,1,1,0,0,0,0,1,4,4,5,5,4,4,4,159147.0,26613.0,9420.52,1057.86,5904.04,44.9,10185.54,1543.0,402.0,1402959.0,497241.0,87613.0,221113.0,1537.0,595455.0,25470
143,4,2015,0,0,0,0,1,1,0,0,0,1,1,4,4,5,5,4,4,4,326004.0,55634.0,15262.48,1715.12,20096.920000000002,51.76,18507.7,2977.0,978.0,3216349.0,993353.0,133977.0,896914.0,2123.0,1189982.0,9150
144,5,2015,0,0,0,0,0,0,1,1,1,0,1,4,4,4,4,5,5,5,161814.0,29695.0,10116.77,1377.96,6074.29,51.62,12074.2,2111.0,538.0,1695798.0,568787.0,127707.0,249858.0,2014.0,747432.0,25916
144,5,2015,0,0,0,0,0,0,1,1,1,1,1,4,4,4,4,5,5,5,335179.0,59950.0,16271.53,2261.11,20480.83,90.86,20845.77,3583.0,1120.0,3741561.0,1099133.0,208848.0,1004794.0,3697.0,1425089.0,9424
145,6,2015,0,0,1,1,0,0,0,0,0,0,1,5,5,4,4,4,4,4,164191.0,38039.0,13575.71,1456.06,6972.44,63.7,15971.11,3065.0,445.0,2248489.0,799972.0,123668.0,292545.0,2729.0,1029575.0,26130
145,6,2015,0,0,1,1,0,0,0,0,0,1,1,5,5,4,4,4,4,4,339706.0,77703.0,21552.42,2906.22,24719.37,105.02,28419.79,6055.0,1485.0,5122331.0,1496361.0,257031.0,1338323.0,4355.0,2026261.0,9240
146,7,2015,0,0,0,0,1,1,1,0,0,0,1,4,4,5,5,5,4,4,169976.0,35359.0,12752.58,1046.67,6374.48,72.56,15112.89,1593.0,417.0,1978836.0,716024.0,73980.0,253289.0,2753.0,932790.0,25017
146,7,2015,0,0,0,0,1,1,1,0,0,1,1,4,4,5,5,5,4,4,350742.0,72268.0,19911.69,2199.87,22693.66,110.23,27352.77,3213.0,1111.0,4407668.0,1305355.0,158488.0,1090166.0,4068.0,1849591.0,8649
147,8,2015,0,0,1,0,0,0,0,1,1,0,1,5,4,4,4,4,5,5,165662.0,30369.0,11271.65,1081.18,5929.73,103.64,11982.73,1687.0,365.0,1723327.0,641413.0,85413.0,249843.0,5258.0,741400.0,25172
147,8,2015,0,0,1,0,0,0,0,1,1,1,1,5,4,4,4,4,5,5,344874.0,63744.0,17772.13,2372.11,20675.75,149.28,22774.57,3365.0,1163.0,3893144.0,1178185.0,180379.0,1024760.0,6735.0,1503085.0,8649
148,9,2015,0,0,0,1,1,0,0,0,0,0,1,4,5,5,4,4,4,4,151219.0,18590.0,7174.38,595.67,4214.7699999999995,61.29,6543.85,677.0,219.0,944200.0,382632.0,42596.0,147860.0,2050.0,369062.0,24360
148,9,2015,0,0,0,1,1,0,0,0,0,1,1,4,5,5,4,4,4,4,313727.0,41471.0,11869.88,1425.87,15117.58,87.02,12970.6,1398.0,499.0,2347387.0,794159.0,94447.0,638761.0,3918.0,816102.0,8370
149,10,2015,0,0,0,0,0,1,1,1,0,0,1,4,4,4,5,5,5,4,158053.0,19274.0,7465.1,363.63,4680.09,27.21,6738.07,907.0,307.0,979657.0,387020.0,37154.0,164220.0,1018.0,390245.0,25017
149,10,2015,0,0,0,0,0,1,1,1,0,1,1,4,4,4,5,5,5,4,328112.0,40805.0,12113.56,802.4,15103.82,56.69,12728.57,1547.0,526.0,2335573.0,818991.0,72071.0,638477.0,2022.0,804012.0,8556
150,11,2015,0,0,1,0,0,0,0,0,1,0,1,5,4,4,4,4,4,5,153578.0,23527.0,8203.99,744.54,5700.92,47.89,8829.78,1730.0,296.0,1255280.0,448863.0,71427.0,227928.0,1857.0,505205.0,24420
150,11,2015,0,0,1,0,0,0,0,0,1,1,1,5,4,4,4,4,4,5,314393.0,47044.0,13339.51,1240.48,16935.62,120.67,15407.76,2869.0,709.0,2785424.0,909842.0,115523.0,753326.0,6883.0,999850.0,8460
151,12,2015,0,0,0,1,1,1,0,0,0,0,1,4,5,5,5,4,4,4,156284.0,31097.0,10921.06,1095.7,6402.85,79.9,12597.78,2831.0,572.0,1780603.0,625263.0,105879.0,244351.0,2717.0,802393.0,25637
151,12,2015,0,0,0,1,1,1,0,0,0,1,1,4,5,5,5,4,4,4,322946.0,65675.0,18462.5,2054.14,20914.88,216.87,24026.54,5232.0,878.0,4278913.0,1270867.0,221019.0,1043113.0,7385.0,1736529.0,8711
152,1,2016,0,0,0,0,0,0,1,1,1,0,1,4,4,4,4,5,5,5,143315.0,22108.0,8189.86,699.01,5304.03,51.54,7863.7699999999995,2859.0,411.0,1191787.0,473232.0,64686.0,190319.0,1810.0,461740.0,22909
152,1,2016,0,0,0,0,0,0,1,1,1,1,1,4,4,4,4,5,5,5,302512.0,48774.0,14381.86,1544.18,16389.0,102.09,16356.99,8806.0,453.0,2930342.0,1009755.0,136376.0,708497.0,3890.0,1071824.0,8308
153,2,2016,0,0,1,0,0,0,0,0,0,0,1,5,4,4,4,4,4,4,136380.0,18783.0,6894.55,511.25,4559.18,30.57,6787.64,2080.0,348.0,1095452.0,421360.0,53391.0,176667.0,878.0,443156.0,20938
153,2,2016,0,0,1,0,0,0,0,0,0,1,1,5,4,4,4,4,4,4,287509.0,42897.0,11488.710000000001,1510.38,15830.8,79.89,13987.31,4743.0,621.0,2900036.0,855740.0,157562.0,842151.0,3241.0,1041342.0,7830
154,3,2016,0,0,0,1,1,1,0,0,0,0,1,4,5,5,5,4,4,4,154152.0,26199.0,8353.78,681.0600000000001,6567.14,47.26,10550.01,1509.0,413.0,1416535.0,484514.0,55736.0,256480.0,1691.0,618114.0,22661
154,3,2016,0,0,0,1,1,1,0,0,0,1,1,4,5,5,5,4,4,4,324970.0,56370.0,13905.6,1488.22,21499.76,145.04,19331.51,3224.0,690.0,3445035.0,1008807.0,118043.0,1046235.0,6258.0,1265692.0,8432
155,4,2016,0,0,0,0,0,0,1,1,0,0,1,4,4,4,4,5,5,4,147353.0,20821.0,7195.04,450.77,4699.89,46.11,8429.22,1357.0,297.0,1107317.0,406770.0,38090.0,175413.0,1571.0,485473.0,22380
155,4,2016,0,0,0,0,0,0,1,1,0,1,1,4,4,4,4,5,5,4,314277.0,45786.0,12517.15,1134.11,16219.11,95.43,15820.19,2752.0,522.0,2741420.0,881200.0,96876.0,718116.0,3262.0,1041966.0,8190
156,5,2016,0,0,1,1,0,0,0,0,1,0,1,5,5,4,4,4,4,5,152140.0,23449.0,7992.61,788.4499999999999,5128.5,48.05,9491.37,814.0,461.0,1267132.0,448573.0,71049.0,187282.0,1851.0,558377.0,22847
156,5,2016,0,0,1,1,0,0,0,0,1,1,1,5,5,4,4,4,4,5,327218.0,52049.0,14139.93,1695.1200000000001,18313.92,128.02,17772.11,1695.0,889.0,3149582.0,981149.0,153825.0,838253.0,3957.0,1172398.0,8432
157,6,2016,0,0,0,0,1,1,0,0,0,0,1,4,4,5,5,4,4,4,155651.0,31988.0,10757.33,1173.59,6176.87,67.88,13812.28,1727.0,451.0,1937877.0,662233.0,106976.0,256531.0,4392.0,907745.0,22710
157,6,2016,0,0,0,0,1,1,0,0,0,1,1,4,4,5,5,4,4,4,331986.0,68373.0,18968.38,2163.15,22346.36,113.64,24781.24,3255.0,1288.0,4462363.0,1385913.0,200659.0,1108422.0,6546.0,1760823.0,8130
158,7,2016,0,0,0,0,0,0,1,1,1,0,1,4,4,4,4,5,5,5,160014.0,35974.0,12559.28,1326.08,6566.34,49.54,15472.9,3281.0,465.0,2402976.0,860155.0,129072.0,314106.0,1911.0,1097732.0,23219
158,7,2016,0,0,0,0,0,0,1,1,1,1,1,4,4,4,4,5,5,5,342443.0,77627.0,21019.91,3017.28,25523.66,129.71,27936.38,6028.0,1485.0,5694751.0,1637747.0,295517.0,1558782.0,5106.0,2197599.0,8370
159,8,2016,0,0,1,1,1,0,0,0,0,0,1,5,5,5,4,4,4,4,158297.0,30903.0,10641.18,967.86,6366.16,59.519999999999996,12868.19,2143.0,365.0,1916355.0,717092.0,77746.0,266116.0,3642.0,851759.0,23715
159,8,2016,0,0,1,1,1,0,0,0,0,1,1,5,5,5,4,4,4,4,340050.0,72518.0,19471.920000000002,2346.7400000000002,25279.05,145.52,25274.57,4750.0,1124.0,5105385.0,1622182.0,200557.0,1371253.0,10884.0,1900509.0,8339
160,9,2016,0,0,0,0,0,1,1,0,0,0,1,4,4,4,5,5,4,4,145297.0,18719.0,6635.2300000000005,482.98,4404.03,24.61,7172.3,479.0,237.0,1000119.0,387726.0,39392.0,165488.0,896.0,406617.0,22620
160,9,2016,0,0,0,0,0,1,1,0,0,1,1,4,4,4,5,5,4,4,309579.0,44967.0,11773.68,1454.71,17500.75,68.86,14168.97,1037.0,565.0,2667220.0,834548.0,105831.0,798589.0,3249.0,925003.0,7950
161,10,2016,0,0,1,0,0,0,0,1,1,0,1,5,4,4,4,4,5,5,150810.0,18381.0,6839.85,195.31,3792.71,30.95,7522.42,1238.0,228.0,924542.0,382901.0,19342.0,124272.0,988.0,397039.0,23219
161,10,2016,0,0,1,0,0,0,0,1,1,1,1,5,4,4,4,4,5,5,321816.0,45089.0,11854.85,650.97,18123.53,55.75,14403.79,3309.0,365.0,2588976.0,817692.0,45726.0,823338.0,2442.0,899778.0,8339
162,11,2016,0,0,0,1,1,0,0,0,0,0,1,4,5,5,4,4,4,4,145413.0,18188.0,6336.53,380.4,4228.89,39.51,7202.62,454.0,287.0,956634.0,370809.0,39804.0,145525.0,1554.0,398942.0,22650
162,11,2016,0,0,0,1,1,0,0,0,0,1,1,4,5,5,4,4,4,4,305525.0,40683.0,10914.2,792.35,15749.33,76.4,13150.71,856.0,430.0,2313616.0,755420.0,64694.0,666963.0,3842.0,822697.0,8100
163,12,2016,0,0,0,0,0,1,1,1,0,0,1,4,4,4,5,5,5,4,148968.0,32956.0,11310.09,892.04,6935.31,45.11,13773.77,2617.0,581.0,1969979.0,726128.0,105936.0,274675.0,2131.0,861109.0,23281
163,12,2016,0,0,0,0,0,1,1,1,0,1,1,4,4,4,5,5,5,4,311980.0,70637.0,19050.19,2312.41,23933.54,130.8,25210.1,4846.0,675.0,4664929.0,1401691.0,229197.0,1157144.0,5933.0,1870964.0,8401
164,1,2017,0,0,1,1,0,0,0,0,1,0,1,5,5,4,4,4,4,5,145938.0,31451.0,10140.05,967.06,7424.96,48.11,12870.56,3127.0,576.0,1899032.0,683924.0,112403.0,291827.0,2652.0,808226.0,23250
164,1,2017,0,0,1,1,0,0,0,0,1,1,1,5,5,4,4,4,4,5,304079.0,66248.0,16405.09,2282.38,24947.08,109.89,22503.55,5759.0,910.0,4397417.0,1300229.0,216731.0,1246199.0,5139.0,1629119.0,8401
165,2,2017,0,0,0,0,0,0,0,0,0,0,1,4,4,4,4,4,4,4,132934.0,19740.0,6522.27,453.0,4868.64,18.97,7877.14,1815.0,403.0,1059791.0,396548.0,43587.0,171185.0,593.0,447878.0,21000
165,2,2017,0,0,0,0,0,0,0,0,0,1,1,4,4,4,4,4,4,4,277583.0,44524.0,10816.86,1453.7,17504.59,48.62,14700.24,4497.0,577.0,2807024.0,820013.0,122060.0,853093.0,2163.0,1009695.0,7616
166,3,2017,0,0,0,0,1,1,1,0,0,0,1,4,4,5,5,5,4,4,158488.0,27807.0,9143.73,524.53,6358.19,35.53,11745.16,2407.0,398.0,1558847.0,586262.0,46194.0,230045.0,1468.0,694878.0,23157
166,3,2017,0,0,0,0,1,1,1,0,0,1,1,4,4,5,5,5,4,4,330109.0,60831.0,14701.22,1442.02,23235.02,80.2,21372.57,6120.0,519.0,3868483.0,1110085.0,139444.0,1156557.0,3228.0,1459169.0,8463
167,4,2017,0,0,0,0,0,0,0,1,1,0,1,4,4,4,4,4,5,5,151763.0,28622.0,9249.98,1086.17,6047.7,23.74,12214.33,2422.0,288.0,1860473.0,646514.0,140559.0,244395.0,1024.0,827981.0,23130
167,4,2017,0,0,0,0,0,0,0,1,1,1,1,4,4,4,4,4,5,5,316566.0,63521.0,15281.56,1881.48,23913.19,69.53,22375.34,4976.0,666.0,4731541.0,1354663.0,225068.0,1396197.0,3472.0,1752141.0,8190
168,5,2017,0,0,1,1,1,0,0,0,0,0,1,5,5,5,4,4,4,4,156147.0,29179.0,9653.24,490.06,6132.12,22.96,12880.64,1107.0,302.0,1684829.0,610093.0,44575.0,238927.0,1161.0,790073.0,23684
168,5,2017,0,0,1,1,1,0,0,0,0,1,1,5,5,5,4,4,4,4,330335.0,67501.0,15571.22,1333.39,27381.9,84.95,23129.54,2932.0,641.0,4455685.0,1192183.0,114150.0,1535165.0,3726.0,1610461.0,8339
169,6,2017,0,0,0,0,0,1,1,0,0,0,1,4,4,4,5,5,4,4,159193.0,35742.0,11629.93,1111.22,7376.28,39.089999999999996,15585.27,1556.0,412.0,2213485.0,760000.0,101255.0,324843.0,2404.0,1024983.0,23910
169,6,2017,0,0,0,0,0,1,1,0,0,1,1,4,4,4,5,5,4,4,335073.0,74977.0,17819.420000000002,2341.24,26506.69,137.77,28171.98,3823.0,894.0,5232051.0,1403027.0,218467.0,1534392.0,7161.0,2069004.0,8220
170,7,2017,0,0,1,0,0,0,0,1,1,0,1,5,4,4,4,4,5,5,164011.0,35987.0,12034.71,1266.61,7250.49,44.67,15390.63,1685.0,331.0,2244160.0,805262.0,105240.0,323000.0,1670.0,1008988.0,24242
170,7,2017,0,0,1,0,0,0,0,1,1,1,1,5,4,4,4,4,5,5,345059.0,74094.0,17934.5,2929.86,25396.82,132.4,27700.36,4072.0,1224.0,5209868.0,1398401.0,252674.0,1493207.0,8079.0,2057507.0,8463
171,8,2017,0,0,0,1,1,1,0,0,0,0,1,4,5,5,5,4,4,4,164153.0,34776.0,11477.92,851.72,7154.75,57.51,15233.09,4105.0,330.0,2036080.0,729621.0,71868.0,299553.0,2402.0,932442.0,24738
171,8,2017,0,0,0,1,1,1,0,0,0,1,1,4,5,5,5,4,4,4,346298.0,69933.0,16822.41,2272.15,24761.26,141.35,25935.9,6902.0,956.0,4511423.0,1246628.0,197344.0,1283615.0,6772.0,1777064.0,8494
172,9,2017,0,0,0,0,0,0,1,1,0,0,1,4,4,4,4,5,5,4,148150.0,18785.0,6951.92,443.16,4147.7,26.05,7216.14,4601.0,273.0,1027136.0,403658.0,44779.0,157904.0,1300.0,419495.0,23160
172,9,2017,0,0,0,0,0,0,1,1,0,1,1,4,4,4,4,5,5,4,310573.0,40129.0,10853.11,1009.57,15237.05,72.81,12956.61,10738.0,518.0,2482994.0,793316.0,94897.0,732762.0,2916.0,859103.0,8190
173,10,2017,0,0,1,1,0,0,0,0,1,0,1,5,5,4,4,4,4,5,154905.0,21928.0,8024.16,351.01,4831.2699999999995,56.52,8665.03,1228.0,274.0,1204899.0,501167.0,34949.0,161941.0,2188.0,504654.0,23653
173,10,2017,0,0,1,1,0,0,0,0,1,1,1,5,5,4,4,4,4,5,324891.0,47099.0,12275.05,782.17,17883.38,121.77,16036.57,2075.0,472.0,3005468.0,914000.0,66276.0,943917.0,6711.0,1074564.0,8339
174,11,2017,0,0,0,0,1,1,0,0,0,0,1,4,4,5,5,4,4,4,147930.0,16472.0,6352.0,234.91,3543.87,56.8,6284.6,497.0,219.0,887230.0,375616.0,28391.0,117516.0,4276.0,361431.0,22770
174,11,2017,0,0,0,0,1,1,0,0,0,1,1,4,4,5,5,4,4,4,306232.0,34826.0,10034.67,470.49,12796.81,121.37,11402.69,921.0,356.0,2059746.0,703926.0,47898.0,557923.0,11736.0,738263.0,8010
175,12,2017,0,0,0,0,0,0,1,1,1,0,1,4,4,4,4,5,5,5,150644.0,28837.0,9908.14,843.07,6577.53,107.08,11400.99,1858.0,419.0,1714440.0,619951.0,118079.0,281734.0,5622.0,689054.0,24552
175,12,2017,0,0,0,0,0,0,1,1,1,1,1,4,4,4,4,5,5,5,313561.0,56465.0,15455.46,1759.53,19312.6,143.84,19793.579999999998,3466.0,570.0,3664580.0,1161615.0,212871.0,924890.0,6307.0,1358897.0,8370
176,1,2018,0,0,1,1,1,0,0,0,0,0,1,5,5,5,4,4,4,4,200192.0,34538.0,12111.25,1580.76,7603.39,76.31,13166.13,6079.0,579.0,2162197.0,804073.0,177439.0,303081.0,4076.0,873528.0,40982
176,1,2018,0,0,1,1,1,0,0,0,0,1,1,5,5,5,4,4,4,4,369926.0,63222.0,16015.14,2517.04,22604.72,127.86,21957.35,11090.0,670.0,4316013.0,1295314.0,287455.0,1093483.0,5862.0,1633899.0,11005
177,2,2018,0,0,0,0,0,0,0,0,0,0,1,4,4,4,4,4,4,4,183227.0,35690.0,11249.26,1453.57,8889.82,65.12,14032.42,3442.0,587.0,2119334.0,710238.0,153320.0,359194.0,2823.0,893759.0,35700
177,2,2018,0,0,0,0,0,0,0,0,0,1,1,4,4,4,4,4,4,4,337504.0,61601.0,14858.630000000001,1861.36,23734.82,101.65,21044.48,5534.0,847.0,3974413.0,1131047.0,213730.0,1124029.0,4763.0,1500844.0,9996
178,3,2018,0,1,0,0,0,1,1,1,0,0,1,4,4,4,5,5,5,4,216492.0,35733.0,12977.74,794.57,7957.92,89.84,13913.08,5093.0,461.0,1915054.0,757985.0,74412.0,273606.0,4242.0,804809.0,40021
178,3,2018,0,1,0,0,0,1,1,1,0,1,1,4,4,4,5,5,5,4,395495.0,63011.0,17060.91,1335.48,22431.26,152.16,22031.18,12187.0,545.0,3776049.0,1207276.0,158971.0,993103.0,6512.0,1410187.0,11036
179,4,2018,0,1,1,0,0,0,0,0,1,0,1,5,4,4,4,4,4,5,211012.0,37272.0,12427.91,906.51,9133.29,66.96,14737.14,2239.0,378.0,2181748.0,772103.0,95629.0,362671.0,2629.0,948716.0,39990
179,4,2018,0,1,1,0,0,0,0,0,1,1,1,5,4,4,4,4,4,5,385033.0,66533.0,16470.6,1575.58,25508.46,98.05,22880.39,4012.0,845.0,4265245.0,1198468.0,180447.0,1265741.0,4087.0,1616502.0,10110
180,5,2018,0,1,0,1,1,1,0,0,0,0,1,4,5,5,5,4,4,4,217797.0,41825.0,13759.62,1780.98,8796.95,82.69,17404.87,2506.0,436.0,2611436.0,854030.0,175856.0,382413.0,3434.0,1195703.0,40114
180,5,2018,0,1,0,1,1,1,0,0,0,1,1,4,5,5,5,4,4,4,398732.0,76568.0,18751.96,2614.95,28716.1,125.59,26359.19,4649.0,1279.0,5220633.0,1394266.0,288068.0,1606225.0,7311.0,1924763.0,10292
181,6,2018,0,1,0,0,0,0,1,1,0,0,1,4,4,4,4,5,5,4,222896.0,48615.0,15888.98,2297.62,10710.76,66.05,19651.55,4124.0,576.0,3203293.0,1051709.0,220706.0,495019.0,2999.0,1432860.0,41790
181,6,2018,0,1,0,0,0,0,1,1,0,1,1,4,4,4,4,5,5,4,403297.0,85490.0,21289.2,3558.48,29599.95,136.47,30905.82,6570.0,1352.0,6002492.0,1652096.0,335748.0,1640387.0,6155.0,2368106.0,10140
182,7,2018,0,1,1,1,0,0,0,0,1,0,1,5,5,4,4,4,4,5,229629.0,51404.0,16480.02,2551.11,11688.08,114.08,20570.7,3647.0,551.0,3301280.0,1039934.0,240923.0,544815.0,4971.0,1470637.0,41881
182,7,2018,0,1,1,1,0,0,0,0,1,1,1,5,5,4,4,4,4,5,415669.0,91246.0,22281.79,3857.73,31380.18,154.93,33571.36,7436.0,1500.0,6556282.0,1687257.0,383379.0,1852284.0,6769.0,2626593.0,10323
183,8,2018,0,1,0,0,1,1,1,0,0,0,1,4,4,5,5,5,4,4,228300.0,49117.0,15784.73,2510.35,11230.98,93.31,19497.78,4094.0,473.0,3267895.0,1082419.0,229305.0,527493.0,4620.0,1424058.0,43369
183,8,2018,0,1,0,0,1,1,1,0,0,1,1,4,4,5,5,5,4,4,416372.0,93767.0,21659.0,3800.99,35191.2,141.65,32974.31,8258.0,1599.0,6926398.0,1731014.0,365989.0,2200045.0,7103.0,2622247.0,10292
184,9,2018,0,1,0,0,0,0,0,1,1,0,1,4,4,4,4,4,5,5,207434.0,32303.0,10630.93,1671.2,7859.83,88.36,12053.03,3332.0,357.0,1985176.0,661475.0,163906.0,322081.0,7224.0,830490.0,40320
184,9,2018,0,1,0,0,0,0,0,1,1,1,1,4,4,4,4,4,5,5,378315.0,62659.0,14812.65,2231.95,25752.15,128.37,19733.81,4800.0,1010.0,4161981.0,1141936.0,213479.0,1352149.0,12505.0,1441912.0,9930
185,10,2018,0,1,1,1,1,0,0,0,0,0,1,5,5,5,4,4,4,4,220031.0,35572.0,11690.54,1174.59,9333.42,50.55,13322.85,1887.0,504.0,2058612.0,727521.0,132164.0,366129.0,2236.0,830562.0,42315
185,10,2018,0,1,1,1,1,0,0,0,0,1,1,5,5,5,4,4,4,4,396070.0,66085.0,15933.06,1390.47,26615.41,78.0,22068.07,2598.0,778.0,4002923.0,1181142.0,142181.0,1150730.0,4846.0,1524024.0,10354
186,11,2018,0,1,0,0,0,1,1,0,0,0,1,4,4,4,5,5,4,4,210137.0,38968.0,12637.64,1145.67,9923.16,73.13,15188.34,2158.0,509.0,2249696.0,776848.0,125940.0,373352.0,3681.0,969875.0,41250
186,11,2018,0,1,0,0,0,1,1,0,0,1,1,4,4,4,5,5,4,4,376041.0,72809.0,17314.85,1846.53,28959.43,126.15,24561.97,4096.0,668.0,4710504.0,1326186.0,234728.0,1405291.0,5694.0,1738605.0,10140
187,12,2018,0,1,1,0,0,0,0,1,1,0,1,5,4,4,4,4,5,5,212406.0,39490.0,13430.17,1328.91,9550.35,127.76,15053.08,2681.0,640.0,2255721.0,810277.0,145329.0,352040.0,5400.0,942675.0,43090
187,12,2018,0,1,1,0,0,0,0,1,1,1,1,5,4,4,4,4,5,5,381436.0,69192.0,17960.73,1621.61,25594.12,153.66,23862.04,4071.0,713.0,4315705.0,1322367.0,179971.0,1143074.0,6589.0,1663704.0,10416
188,1,2019,0,1,0,1,1,1,0,0,0,0,1,4,5,5,5,4,4,4,209654.0,36533.0,11651.71,1572.45,9744.13,69.65,13495.39,6034.0,677.0,2250181.0,788743.0,172484.0,379712.0,2778.0,906464.0,43121
188,1,2019,0,1,0,1,1,1,0,0,0,1,1,4,5,5,5,4,4,4,374326.0,68689.0,15919.03,2546.7400000000002,27743.670000000002,115.92,22363.62,10687.0,619.0,4912609.0,1326859.0,293497.0,1567778.0,5588.0,1718887.0,10354
189,2,2019,0,1,0,0,0,0,0,0,0,0,1,4,4,4,4,4,4,4,192132.0,42583.0,13641.37,1716.26,10951.07,80.46,16194.1,5956.0,858.0,2732414.0,937312.0,220345.0,447117.0,7309.0,1120331.0,37996
189,2,2019,0,1,0,0,0,0,0,0,0,1,1,4,4,4,4,4,4,4,341042.0,76894.0,17863.5,2639.62,29422.63,139.99,26828.31,9299.0,747.0,5519345.0,1514659.0,342482.0,1575575.0,10780.0,2075849.0,9296
190,3,2019,0,1,0,0,0,0,1,1,1,0,1,4,4,4,4,5,5,5,228951.0,37621.0,13769.41,974.77,8144.3,90.27,14642.29,4541.0,495.0,2280334.0,910263.0,106448.0,311897.0,4002.0,947724.0,43338
190,3,2019,0,1,0,0,0,0,1,1,1,1,1,4,4,4,4,5,5,5,403121.0,68656.0,18897.68,1483.06,23090.36,133.62,25051.29,8021.0,510.0,4618065.0,1489379.0,176261.0,1085546.0,6206.0,1860673.0,10447
191,4,2019,0,1,1,1,0,0,0,0,0,0,1,5,5,4,4,4,4,4,222158.0,38510.0,13263.32,1499.88,8113.66,95.1,15538.06,5585.0,497.0,2491184.0,872534.0,163728.0,354044.0,3973.0,1096905.0,40920
191,4,2019,0,1,1,1,0,0,0,0,0,1,1,5,5,4,4,4,4,4,389865.0,70008.0,18521.18,1991.05,24154.95,96.27,25244.39,8903.0,1018.0,5185857.0,1530269.0,262453.0,1399547.0,5422.0,1988166.0,9930
192,5,2019,0,1,0,0,1,1,1,0,0,0,1,4,4,5,5,5,4,4,230338.0,44861.0,14710.33,1897.41,10220.69,63.38,17969.05,5109.0,675.0,2888726.0,941181.0,220045.0,451855.0,2497.0,1273148.0,42997
192,5,2019,0,1,0,0,1,1,1,0,0,1,1,4,4,5,5,5,4,4,406052.0,81422.0,20041.32,2895.37,28908.5,114.6,29462.25,7903.0,1364.0,5987567.0,1581853.0,365318.0,1713637.0,5004.0,2321755.0,10137
193,6,2019,0,1,0,0,0,0,0,1,1,0,1,4,4,4,4,4,5,5,232085.0,55453.0,17422.08,2509.65,12514.95,147.41,22858.81,4680.0,681.0,3792773.0,1221148.0,252493.0,603381.0,10574.0,1705177.0,43320
193,6,2019,0,1,0,0,0,0,0,1,1,1,1,4,4,4,4,4,5,5,404606.0,97905.0,23517.91,3728.48,34354.11,208.38,36096.22,8547.0,1896.0,7311111.0,1931587.0,377253.0,2071372.0,14117.0,2916782.0,10020
194,7,2019,0,1,1,1,1,0,0,0,0,0,1,5,5,5,4,4,4,4,240289.0,48828.0,16172.68,2647.92,10389.65,98.1,19519.56,4471.0,432.0,3377539.0,1146848.0,271930.0,491121.0,4233.0,1463407.0,43803
194,7,2019,0,1,1,1,1,0,0,0,0,1,1,5,5,5,4,4,4,4,418740.0,86802.0,22146.3,3759.42,28792.5,141.60999999999999,31962.25,8457.0,1888.0,6961649.0,1925886.0,430306.0,1934611.0,6502.0,2664344.0,10385
195,8,2019,0,0,0,0,0,1,1,1,0,0,1,4,4,4,5,5,5,4,237402.0,46319.0,14953.95,1954.13,10703.79,85.62,18621.85,4015.0,489.0,3047314.0,1025241.0,184752.0,509955.0,3176.0,1324190.0,44888
195,8,2019,0,0,0,0,0,1,1,1,0,1,1,4,4,4,5,5,5,4,421059.0,86959.0,20853.01,3147.9,31239.05,163.48,31555.5,7283.0,1323.0,6526465.0,1809346.0,331795.0,1905264.0,8091.0,2471969.0,10385
196,9,2019,0,0,1,0,0,0,0,0,1,0,1,5,4,4,4,4,4,5,218833.0,28269.0,9949.53,868.46,6730.15,53.82,10667.35,3524.0,350.0,1700089.0,633566.0,90379.0,264879.0,1861.0,709404.0,42180
196,9,2019,0,0,1,0,0,0,0,0,1,1,1,5,4,4,4,4,4,5,387146.0,55299.0,13722.04,1343.85,22390.97,80.99,17761.24,6492.0,897.0,3844070.0,1123200.0,153337.0,1256765.0,3741.0,1307027.0,9960
197,10,2019,0,0,0,1,1,1,0,0,0,0,1,4,5,5,5,4,4,4,230088.0,37647.0,12328.85,975.92,9326.63,72.87,14942.86,2142.0,500.0,2188434.0,783497.0,98786.0,354110.0,2743.0,949298.0,44020
197,10,2019,0,0,0,1,1,1,0,0,0,1,1,4,5,5,5,4,4,4,405926.0,67399.0,16134.18,1325.67,26604.71,101.97,23232.53,3030.0,705.0,4355302.0,1297473.0,153623.0,1301279.0,4740.0,1598187.0,10199
198,11,2019,0,0,0,0,0,0,1,1,0,0,1,4,4,4,4,5,5,4,218693.0,30882.0,10991.12,618.45,7462.86,82.12,11727.18,1672.0,432.0,1775093.0,689172.0,75679.0,269243.0,3535.0,737464.0,42630
198,11,2019,0,0,0,0,0,0,1,1,0,1,1,4,4,4,4,5,5,4,383760.0,54769.0,14894.85,1044.91,19835.46,129.35,18864.38,2774.0,468.0,3559180.0,1188130.0,149763.0,874018.0,5531.0,1341738.0,10230
199,12,2019,0,0,1,1,0,0,0,0,1,0,1,5,5,4,4,4,4,5,227105.0,45340.0,15424.47,1238.02,9726.41,98.96,18852.12,2242.0,660.0,2881984.0,1023608.0,152914.0,397177.0,4375.0,1303910.0,45446
199,12,2019,0,0,1,1,0,0,0,0,1,1,1,5,5,4,4,4,4,5,398658.0,81605.0,21063.58,1923.14,28925.420000000002,178.33,29514.6,3551.0,698.0,5702436.0,1661206.0,236430.0,1524971.0,6706.0,2273123.0,10695
200,1,2020,0,0,0,0,1,1,1,0,0,0,1,4,4,5,5,5,4,4,219869.0,30290.0,11396.68,1418.5,8111.18,87.6,9276.44,2873.0,545.0,1808504.0,724166.0,150781.0,322769.0,3647.0,607141.0,45012
200,1,2020,0,0,0,0,1,1,1,0,0,1,1,4,4,5,5,5,4,4,387477.0,51995.0,15774.24,1858.36,18988.01,88.6,15285.85,4055.0,605.0,3474746.0,1307971.0,227314.0,850840.0,3846.0,1084775.0,10540
201,2,2020,0,0,0,0,0,0,0,1,0,0,1,4,4,4,4,4,5,4,209158.0,31390.0,10965.92,1376.43,8578.45,59.42,10409.77,2112.0,517.0,2007032.0,759643.0,146193.0,353064.0,2411.0,745721.0,41470
201,2,2020,0,0,0,0,0,0,0,1,0,1,1,4,4,4,4,4,5,4,365108.0,53226.0,14488.5,1762.63,20423.84,93.27,16457.73,3021.0,540.0,3812022.0,1273874.0,193021.0,1025708.0,5238.0,1314181.0,9773
202,3,2020,1,0,1,1,0,0,0,0,1,0,1,5,5,4,4,4,4,5,237040.0,19338.0,7127.46,459.47,5598.42,44.05,6108.6,37910.0,355.0,1049316.0,432059.0,41919.0,193936.0,1546.0,379856.0,45322
202,3,2020,1,0,1,1,0,0,0,0,1,1,1,5,5,4,4,4,4,5,411181.0,34382.0,9782.56,633.62,13838.59,55.85,10071.31,72269.0,442.0,2198935.0,854295.0,61645.0,581436.0,1988.0,699571.0,10571
203,4,2020,1,0,0,0,1,1,0,0,0,0,1,4,4,5,5,4,4,4,123036.0,3403.0,1584.71,149.28,1188.61,14.19,466.4,53679.0,214.0,178176.0,94609.0,10787.0,42243.0,739.0,29798.0,35850
203,4,2020,1,0,0,0,1,1,0,0,0,1,1,4,4,5,5,4,4,4,188638.0,5635.0,2913.07,145.56,1671.05,13.65,891.66,74699.0,76.0,379901.0,255620.0,14022.0,51064.0,471.0,58724.0,8820
204,5,2020,1,0,0,0,0,0,1,1,1,0,1,4,4,4,4,5,5,5,72184.0,3499.0,1650.1,195.95,957.96,19.28,675.81,6999.0,223.0,205714.0,96048.0,14388.0,46250.0,798.0,48230.0,36642
204,5,2020,1,0,0,0,0,0,1,1,1,1,1,4,4,4,4,5,5,5,108181.0,4295.0,2015.46,223.22,1294.67,21.54,740.01,4365.0,131.0,276987.0,155482.0,15259.0,46256.0,1443.0,58547.0,9176
205,6,2020,1,0,1,1,0,0,0,0,0,0,1,5,5,4,4,4,4,4,85695.0,6395.0,2939.19,603.09,1434.5,39.99,1378.36,408.0,139.0,334228.0,153105.0,48920.0,51930.0,1086.0,79187.0,31050
205,6,2020,1,0,1,1,0,0,0,0,0,1,1,5,5,4,4,4,4,4,138034.0,8554.0,3679.79,572.18,2699.41,29.62,1573.03,402.0,211.0,509572.0,254767.0,42516.0,94376.0,1206.0,116707.0,8550
206,7,2020,1,0,0,0,1,1,1,0,0,0,1,4,4,5,5,5,4,4,130797.0,11644.0,4800.58,1118.08,3024.36,63.6,2637.43,953.0,245.0,698901.0,302980.0,85321.0,116430.0,2210.0,191960.0,36487
206,7,2020,1,0,0,0,1,1,1,0,0,1,1,4,4,5,5,5,4,4,222087.0,18269.0,7090.41,1314.35,6162.139999999999,98.94,3603.2,1856.0,574.0,1190826.0,539604.0,96157.0,247766.0,5398.0,301901.0,9517
207,8,2020,1,0,1,0,0,0,0,1,1,0,1,5,4,4,4,4,5,5,138950.0,11012.0,4557.84,1144.6,2996.56,42.230000000000004,2271.0,1687.0,275.0,621037.0,262411.0,87961.0,118702.0,1481.0,150482.0,36084
207,8,2020,1,0,1,0,0,0,0,1,1,1,1,5,4,4,4,4,5,5,237764.0,17956.0,6684.63,1366.56,6385.54,100.42,3417.79,2233.0,550.0,1083771.0,487315.0,102381.0,241018.0,3730.0,248818.0,9362
208,9,2020,1,0,0,1,1,0,0,0,0,0,1,4,5,5,4,4,4,4,115823.0,7693.0,3680.69,466.63,2021.41,62.71,1461.61,842.0,151.0,409893.0,198001.0,48164.0,68634.0,2350.0,92744.0,36330
208,9,2020,1,0,0,1,1,0,0,0,0,1,1,4,5,5,4,4,4,4,207524.0,12502.0,5344.52,714.31,3972.22,98.64,2372.34,963.0,299.0,775493.0,387971.0,64400.0,149082.0,3940.0,170100.0,9300
209,10,2020,1,0,0,0,0,1,1,1,0,0,1,4,4,4,5,5,5,4,126438.0,10892.0,4847.64,552.62,3009.07,70.77,2412.24,950.0,213.0,637800.0,296883.0,64592.0,104288.0,2400.0,169637.0,35898
209,10,2020,1,0,0,0,0,1,1,1,0,1,1,4,4,4,5,5,5,4,225668.0,18615.0,6915.03,892.0,7028.8,111.88,3667.41,910.0,324.0,1141255.0,518688.0,81226.0,241031.0,4260.0,296050.0,9548
210,11,2020,1,0,1,0,0,0,0,0,1,0,1,5,4,4,4,4,4,5,131088.0,10186.0,4639.15,439.94,3059.47,54.95,1992.65,667.0,249.0,546176.0,266652.0,40956.0,101373.0,2530.0,134665.0,35190
210,11,2020,1,0,1,0,0,0,0,0,1,1,1,5,4,4,4,4,4,5,233275.0,17218.0,6756.2300000000005,576.73,6431.59,90.34,3363.24,1360.0,288.0,1008964.0,495941.0,52022.0,199575.0,3391.0,258035.0,9240
211,12,2020,1,0,0,1,1,1,0,0,0,0,1,4,5,5,5,4,4,4,133233.0,15761.0,7012.66,618.62,4488.36,72.9,3568.44,1341.0,319.0,864482.0,389446.0,68737.0,178294.0,2852.0,225153.0,37479
211,12,2020,1,0,0,1,1,1,0,0,0,1,1,4,5,5,5,4,4,4,238124.0,27771.0,10205.71,1044.65,10960.86,108.87,5451.01,2509.0,248.0,1696219.0,752683.0,135607.0,405402.0,4122.0,398405.0,10013
212,1,2021,1,0,0,0,0,0,1,1,1,0,1,4,4,4,4,5,5,5,130923.0,12451.0,5162.27,611.64,3783.5099999999998,78.41,2815.34,1477.0,347.0,743977.0,300907.0,97292.0,154166.0,3716.0,187896.0,38285
212,1,2021,1,0,0,0,0,0,1,1,1,1,1,4,4,4,4,5,5,5,230505.0,22510.0,7941.77,1064.79,9222.5,78.19,4202.81,2170.0,230.0,1541050.0,638774.0,131044.0,425871.0,3991.0,341370.0,10292
213,2,2021,1,0,0,0,0,0,0,0,0,0,1,4,4,4,4,4,4,4,120818.0,16641.0,6474.74,1519.47,5195.51,71.59,3379.84,7348.0,343.0,1048567.0,396285.0,215434.0,208754.0,2369.0,225725.0,33348
213,2,2021,1,0,0,0,0,0,0,0,0,1,1,4,4,4,4,4,4,4,211648.0,28952.0,9522.94,2250.05,11523.97,99.0,5556.2,11080.0,307.0,1931840.0,747500.0,281707.0,456842.0,4032.0,441759.0,9184
214,3,2021,1,0,1,1,1,0,0,0,0,0,1,5,5,5,4,4,4,4,164323.0,17743.0,7672.35,608.27,4474.04,122.79,4864.7699999999995,2075.0,339.0,992458.0,458166.0,60362.0,164473.0,4151.0,305286.0,38626
214,3,2021,1,0,1,1,1,0,0,0,0,1,1,5,5,5,4,4,4,4,280153.0,26900.0,10624.68,994.54,8737.5,171.13,6372.12,3691.0,406.0,1697605.0,784269.0,99795.0,353250.0,7120.0,453171.0,10230
215,4,2021,1,0,0,0,0,1,1,0,0,0,1,4,4,4,5,5,4,4,164730.0,18486.0,7809.8,764.41,4982.76,121.45,4807.58,910.0,262.0,1073194.0,452725.0,85686.0,206241.0,6789.0,321753.0,37770
215,4,2021,1,0,0,0,0,1,1,0,0,1,1,4,4,4,5,5,4,4,285907.0,29196.0,11015.03,1114.8,9245.45,296.98,7523.64,1583.0,457.0,1968955.0,828283.0,122749.0,410312.0,26192.0,581419.0,9900
216,5,2021,1,0,1,0,0,0,0,1,1,0,1,5,4,4,4,4,5,5,180531.0,26220.0,10699.17,1432.0,5876.81,149.51,8062.49,961.0,394.0,1570302.0,598564.0,148211.0,257659.0,5254.0,560614.0,40362
216,5,2021,1,0,1,0,0,0,0,1,1,1,1,5,4,4,4,4,5,5,315013.0,39386.0,14983.92,1923.52,11220.97,243.06,11014.7,1322.0,870.0,2740820.0,1116639.0,206859.0,541652.0,9668.0,866002.0,10416
217,6,2021,1,0,0,1,1,0,0,0,0,0,1,4,5,5,4,4,4,4,205042.0,52708.0,20397.62,2977.37,9491.12,254.81,19587.2,3384.0,446.0,3432791.0,1272188.0,273833.0,425871.0,13111.0,1447788.0,41580
217,6,2021,1,0,0,1,1,0,0,0,0,1,1,4,5,5,4,4,4,4,341082.0,74857.0,26266.5,3827.59,19273.47,310.21,25179.29,5466.0,1360.0,5477042.0,1996094.0,371187.0,1061254.0,14532.0,2033975.0,10200
218,7,2021,1,0,0,0,0,1,1,1,0,0,1,4,4,4,5,5,5,4,219023.0,58677.0,23229.63,3024.74,10437.25,257.37,21728.27,3683.0,583.0,3928884.0,1521599.0,290380.0,477476.0,12728.0,1626701.0,42284
218,7,2021,1,0,0,0,0,1,1,1,0,1,1,4,4,4,5,5,5,4,364235.0,84446.0,29578.17,4122.58,20748.62,357.0,29639.69,5459.0,1652.0,6295158.0,2317830.0,400237.0,1101172.0,18275.0,2457644.0,10385
219,8,2021,0,0,1,1,0,0,0,0,1,0,1,5,5,4,4,4,4,5,214339.0,50475.0,20662.9,2777.65,9188.87,196.93,17648.42,6685.0,628.0,3190835.0,1275474.0,262861.0,399213.0,9495.0,1243792.0,42718
219,8,2021,0,0,1,1,0,0,0,0,1,1,1,5,5,4,4,4,4,5,364840.0,76912.0,27660.85,3895.59,19373.8,253.71,25728.07,10507.0,1412.0,5575173.0,2111557.0,409618.0,1038607.0,11327.0,2004064.0,10509
220,9,2021,0,0,0,0,1,1,0,0,0,0,1,4,4,5,5,4,4,4,196504.0,28718.0,12578.13,989.66,6102.8,133.61,8913.93,2930.0,295.0,1611967.0,727896.0,78800.0,233303.0,5887.0,566081.0,42060
220,9,2021,0,0,0,0,1,1,0,0,0,1,1,4,4,5,5,4,4,4,341546.0,44645.0,17091.31,1650.46,12038.21,199.69,13665.41,3809.0,639.0,3016532.0,1284014.0,158752.0,559683.0,8657.0,1005426.0,10200
221,10,2021,0,0,0,0,0,0,1,1,1,0,1,4,4,4,4,5,5,5,207052.0,40834.0,17904.57,1076.84,7311.07,132.57,14409.05,4862.0,410.0,2367732.0,1061831.0,95424.0,287165.0,5682.0,917630.0,43245
221,10,2021,0,0,0,0,0,0,1,1,1,1,1,4,4,4,4,5,5,5,357734.0,58752.0,23048.81,1794.72,14019.53,233.29,19655.76,6900.0,630.0,3946284.0,1703855.0,167081.0,650334.0,10128.0,1414886.0,10633
222,11,2021,0,0,1,1,0,0,0,0,0,0,1,5,5,4,4,4,4,4,198066.0,32448.0,14384.95,678.63,6347.02,182.04,10855.51,1059.0,318.0,1757521.0,828677.0,60666.0,210545.0,8217.0,649416.0,41250
222,11,2021,0,0,1,1,0,0,0,0,0,1,1,5,5,4,4,4,4,4,349493.0,49225.0,20197.08,887.83,12150.08,288.0,15702.15,2365.0,416.0,3019669.0,1423518.0,83188.0,417673.0,14562.0,1080728.0,10380
223,12,2021,0,0,0,0,1,1,1,0,0,0,1,4,4,5,5,5,4,4,200674.0,46259.0,20296.59,1796.68,8324.89,190.03,15650.82,4969.0,811.0,2755688.0,1212538.0,203624.0,333680.0,7792.0,998054.0,41912
223,12,2021,0,0,0,0,1,1,1,0,0,1,1,4,4,5,5,5,4,4,351211.0,72891.0,28814.15,2446.18,17974.45,280.33,23376.079999999998,8360.0,562.0,4929267.0,2138090.0,275213.0,754899.0,12325.0,1748740.0,10695
224,1,2022,0,0,1,0,0,0,0,1,1,0,0,5,4,4,4,4,5,5,195880.0,37608.0,17264.13,1556.14,7264.06,89.01,11434.8,11591.0,466.0,2384495.0,1116264.0,152063.0,297995.0,4738.0,813435.0,41943
224,1,2022,0,0,1,0,0,0,0,1,1,1,0,5,4,4,4,4,5,5,342009.0,59444.0,24004.28,2258.84,15190.49,186.5,17803.9,21652.0,651.0,4261684.0,1921079.0,245613.0,682695.0,7560.0,1404737.0,10664
225,2,2022,0,0,0,0,0,0,0,0,0,0,0,4,4,4,4,4,4,4,180879.0,35058.0,15056.3,1303.31,7248.2,105.33,11344.97,8633.0,401.0,2111924.0,915781.0,144412.0,299114.0,3854.0,748763.0,37156
225,2,2022,0,0,0,0,0,0,0,0,0,1,0,4,4,4,4,4,4,4,314834.0,57556.0,21107.39,2114.98,15980.39,219.72,18133.63,13103.0,430.0,4063246.0,1644352.0,260490.0,732130.0,9652.0,1416622.0,9576
226,3,2022,0,0,0,1,1,1,0,0,0,0,0,4,5,5,5,4,4,4,207589.0,46968.0,18908.37,1314.98,10199.45,175.06,16369.73,3740.0,530.0,2911407.0,1131093.0,143461.0,483824.0,7303.0,1145726.0,42098
226,3,2022,0,0,0,1,1,1,0,0,0,1,0,4,5,5,5,4,4,4,357264.0,72848.0,24672.84,2137.49,20940.41,279.7,24817.67,5002.0,871.0,4993070.0,1858540.0,209828.0,1010029.0,13079.0,1901594.0,10695
